date,precipitation,temp_max,temp_min,wind,weather,cycle,Drizzle,Rain,Sun,Snow,Fog
1/1/12,0,12.8,5,4.7,drizzle,1/1/90,12.8,#N/A,#N/A,#N/A,#N/A
1/2/12,10.9,10.6,2.8,4.5,rain,1/2/90,#N/A,10.6,#N/A,#N/A,#N/A
1/3/12,0.8,11.7,7.2,2.3,rain,1/3/90,#N/A,11.7,#N/A,#N/A,#N/A
1/4/12,20.3,12.2,5.6,4.7,rain,1/4/90,#N/A,12.2,#N/A,#N/A,#N/A
1/5/12,1.3,8.9,2.8,6.1,rain,1/5/90,#N/A,8.9,#N/A,#N/A,#N/A
1/6/12,2.5,4.4,2.2,2.2,rain,1/6/90,#N/A,4.4,#N/A,#N/A,#N/A
1/7/12,0,7.2,2.8,2.3,rain,1/7/90,#N/A,7.2,#N/A,#N/A,#N/A
1/8/12,0,10,2.8,2,sun,1/8/90,#N/A,#N/A,10,#N/A,#N/A
1/9/12,4.3,9.4,5,3.4,rain,1/9/90,#N/A,9.4,#N/A,#N/A,#N/A
1/10/12,1,6.1,0.6,3.4,rain,1/10/90,#N/A,6.1,#N/A,#N/A,#N/A
1/11/12,0,6.1,-1.1,5.1,sun,1/11/90,#N/A,#N/A,6.1,#N/A,#N/A
1/12/12,0,6.1,-1.7,1.9,sun,1/12/90,#N/A,#N/A,6.1,#N/A,#N/A
1/13/12,0,5,-2.8,1.3,sun,1/13/90,#N/A,#N/A,5,#N/A,#N/A
1/14/12,4.1,4.4,0.6,5.3,snow,1/14/90,#N/A,#N/A,#N/A,4.4,#N/A
1/15/12,5.3,1.1,-3.3,3.2,snow,1/15/90,#N/A,#N/A,#N/A,1.1,#N/A
1/16/12,2.5,1.7,-2.8,5,snow,1/16/90,#N/A,#N/A,#N/A,1.7,#N/A
1/17/12,8.1,3.3,0,5.6,snow,1/17/90,#N/A,#N/A,#N/A,3.3,#N/A
1/18/12,19.8,0,-2.8,5,snow,1/18/90,#N/A,#N/A,#N/A,0,#N/A
1/19/12,15.2,-1.1,-2.8,1.6,snow,1/19/90,#N/A,#N/A,#N/A,-1.1,#N/A
1/20/12,13.5,7.2,-1.1,2.3,snow,1/20/90,#N/A,#N/A,#N/A,7.2,#N/A
1/21/12,3,8.3,3.3,8.2,rain,1/21/90,#N/A,8.3,#N/A,#N/A,#N/A
1/22/12,6.1,6.7,2.2,4.8,rain,1/22/90,#N/A,6.7,#N/A,#N/A,#N/A
1/23/12,0,8.3,1.1,3.6,rain,1/23/90,#N/A,8.3,#N/A,#N/A,#N/A
1/24/12,8.6,10,2.2,5.1,rain,1/24/90,#N/A,10,#N/A,#N/A,#N/A
1/25/12,8.1,8.9,4.4,5.4,rain,1/25/90,#N/A,8.9,#N/A,#N/A,#N/A
1/26/12,4.8,8.9,1.1,4.8,rain,1/26/90,#N/A,8.9,#N/A,#N/A,#N/A
1/27/12,0,6.7,-2.2,1.4,drizzle,1/27/90,6.7,#N/A,#N/A,#N/A,#N/A
1/28/12,0,6.7,0.6,2.2,rain,1/28/90,#N/A,6.7,#N/A,#N/A,#N/A
1/29/12,27.7,9.4,3.9,4.5,rain,1/29/90,#N/A,9.4,#N/A,#N/A,#N/A
1/30/12,3.6,8.3,6.1,5.1,rain,1/30/90,#N/A,8.3,#N/A,#N/A,#N/A
1/31/12,1.8,9.4,6.1,3.9,rain,1/31/90,#N/A,9.4,#N/A,#N/A,#N/A
2/1/12,13.5,8.9,3.3,2.7,rain,2/1/90,#N/A,8.9,#N/A,#N/A,#N/A
2/2/12,0,8.3,1.7,2.6,sun,2/2/90,#N/A,#N/A,8.3,#N/A,#N/A
2/3/12,0,14.4,2.2,5.3,sun,2/3/90,#N/A,#N/A,14.4,#N/A,#N/A
2/4/12,0,15.6,5,4.3,sun,2/4/90,#N/A,#N/A,15.6,#N/A,#N/A
2/5/12,0,13.9,1.7,2.9,sun,2/5/90,#N/A,#N/A,13.9,#N/A,#N/A
2/6/12,0,16.1,1.7,5,sun,2/6/90,#N/A,#N/A,16.1,#N/A,#N/A
2/7/12,0.3,15.6,7.8,5.3,rain,2/7/90,#N/A,15.6,#N/A,#N/A,#N/A
2/8/12,2.8,10,5,2.7,rain,2/8/90,#N/A,10,#N/A,#N/A,#N/A
2/9/12,2.5,11.1,7.8,2.4,rain,2/9/90,#N/A,11.1,#N/A,#N/A,#N/A
2/10/12,2.5,12.8,6.7,3,rain,2/10/90,#N/A,12.8,#N/A,#N/A,#N/A
2/11/12,0.8,8.9,5.6,3.4,rain,2/11/90,#N/A,8.9,#N/A,#N/A,#N/A
2/12/12,1,8.3,5,1.3,rain,2/12/90,#N/A,8.3,#N/A,#N/A,#N/A
2/13/12,11.4,7.2,4.4,1.4,rain,2/13/90,#N/A,7.2,#N/A,#N/A,#N/A
2/14/12,2.5,6.7,1.1,3.1,rain,2/14/90,#N/A,6.7,#N/A,#N/A,#N/A
2/15/12,0,7.2,0.6,1.8,drizzle,2/15/90,7.2,#N/A,#N/A,#N/A,#N/A
2/16/12,1.8,7.2,3.3,2.1,rain,2/16/90,#N/A,7.2,#N/A,#N/A,#N/A
2/17/12,17.3,10,4.4,3.4,rain,2/17/90,#N/A,10,#N/A,#N/A,#N/A
2/18/12,6.4,6.7,3.9,8.1,rain,2/18/90,#N/A,6.7,#N/A,#N/A,#N/A
2/19/12,0,6.7,2.2,4.7,sun,2/19/90,#N/A,#N/A,6.7,#N/A,#N/A
2/20/12,3,7.8,1.7,2.9,rain,2/20/90,#N/A,7.8,#N/A,#N/A,#N/A
2/21/12,0.8,10,7.8,7.5,rain,2/21/90,#N/A,10,#N/A,#N/A,#N/A
2/22/12,8.6,10,2.8,5.9,rain,2/22/90,#N/A,10,#N/A,#N/A,#N/A
2/23/12,0,8.3,2.8,3.9,sun,2/23/90,#N/A,#N/A,8.3,#N/A,#N/A
2/24/12,11.4,6.7,4.4,3.5,rain,2/24/90,#N/A,6.7,#N/A,#N/A,#N/A
2/25/12,0,7.2,2.8,6.4,rain,2/25/90,#N/A,7.2,#N/A,#N/A,#N/A
2/26/12,1.3,5,-1.1,3.4,snow,2/26/90,#N/A,#N/A,#N/A,5,#N/A
2/27/12,0,6.7,-2.2,3,sun,2/27/90,#N/A,#N/A,6.7,#N/A,#N/A
2/28/12,3.6,6.7,-0.6,4.2,snow,2/28/90,#N/A,#N/A,#N/A,6.7,#N/A
3/1/12,0,6.1,1.1,3.1,sun,3/1/90,#N/A,#N/A,6.1,#N/A,#N/A
3/2/12,2,6.7,3.9,5.1,rain,3/2/90,#N/A,6.7,#N/A,#N/A,#N/A
3/3/12,0,12.2,6.7,7,sun,3/3/90,#N/A,#N/A,12.2,#N/A,#N/A
3/4/12,0,10.6,6.7,5.6,rain,3/4/90,#N/A,10.6,#N/A,#N/A,#N/A
3/5/12,6.9,7.8,1.1,6.2,rain,3/5/90,#N/A,7.8,#N/A,#N/A,#N/A
3/6/12,0.5,6.7,0,2.7,snow,3/6/90,#N/A,#N/A,#N/A,6.7,#N/A
3/7/12,0,8.9,-1.7,2.7,sun,3/7/90,#N/A,#N/A,8.9,#N/A,#N/A
3/8/12,0,15.6,0.6,2.5,sun,3/8/90,#N/A,#N/A,15.6,#N/A,#N/A
3/9/12,3.6,9.4,5,2.8,rain,3/9/90,#N/A,9.4,#N/A,#N/A,#N/A
3/10/12,10.4,7.2,6.1,3.4,rain,3/10/90,#N/A,7.2,#N/A,#N/A,#N/A
3/11/12,13.7,6.7,2.8,5.8,rain,3/11/90,#N/A,6.7,#N/A,#N/A,#N/A
3/12/12,19.3,8.3,0.6,6.2,snow,3/12/90,#N/A,#N/A,#N/A,8.3,#N/A
3/13/12,9.4,5.6,0.6,5.3,snow,3/13/90,#N/A,#N/A,#N/A,5.6,#N/A
3/14/12,8.6,7.8,1.1,4.7,rain,3/14/90,#N/A,7.8,#N/A,#N/A,#N/A
3/15/12,23.9,11.1,5.6,5.8,snow,3/15/90,#N/A,#N/A,#N/A,11.1,#N/A
3/16/12,8.4,8.9,3.9,5.1,rain,3/16/90,#N/A,8.9,#N/A,#N/A,#N/A
3/17/12,9.4,10,0.6,3.8,snow,3/17/90,#N/A,#N/A,#N/A,10,#N/A
3/18/12,3.6,5,-0.6,2.7,rain,3/18/90,#N/A,5,#N/A,#N/A,#N/A
3/19/12,2,7.2,-1.1,3,rain,3/19/90,#N/A,7.2,#N/A,#N/A,#N/A
3/20/12,3.6,7.8,2.2,6.4,rain,3/20/90,#N/A,7.8,#N/A,#N/A,#N/A
3/21/12,1.3,8.9,1.1,2.5,rain,3/21/90,#N/A,8.9,#N/A,#N/A,#N/A
3/22/12,4.1,10,1.7,2.1,rain,3/22/90,#N/A,10,#N/A,#N/A,#N/A
3/23/12,0,12.2,0.6,2.8,sun,3/23/90,#N/A,#N/A,12.2,#N/A,#N/A
3/24/12,0,15,3.3,5.2,sun,3/24/90,#N/A,#N/A,15,#N/A,#N/A
3/25/12,0,13.3,2.2,2.7,rain,3/25/90,#N/A,13.3,#N/A,#N/A,#N/A
3/26/12,0,12.8,6.1,4.3,drizzle,3/26/90,12.8,#N/A,#N/A,#N/A,#N/A
3/27/12,4.8,14.4,6.7,3.8,rain,3/27/90,#N/A,14.4,#N/A,#N/A,#N/A
3/28/12,1.3,10.6,7.2,5.9,rain,3/28/90,#N/A,10.6,#N/A,#N/A,#N/A
3/29/12,27.4,10,6.1,4.4,rain,3/29/90,#N/A,10,#N/A,#N/A,#N/A
3/30/12,5.6,9.4,5,4.7,rain,3/30/90,#N/A,9.4,#N/A,#N/A,#N/A
3/31/12,13.2,10,2.8,3.4,rain,3/31/90,#N/A,10,#N/A,#N/A,#N/A
4/1/12,1.5,8.9,4.4,6.8,rain,4/1/90,#N/A,8.9,#N/A,#N/A,#N/A
4/2/12,0,16.7,4.4,3.1,sun,4/2/90,#N/A,#N/A,16.7,#N/A,#N/A
4/3/12,1.5,11.7,3.3,3.1,rain,4/3/90,#N/A,11.7,#N/A,#N/A,#N/A
4/4/12,0,10.6,2.8,2.1,sun,4/4/90,#N/A,#N/A,10.6,#N/A,#N/A
4/5/12,4.6,9.4,2.8,1.8,snow,4/5/90,#N/A,#N/A,#N/A,9.4,#N/A
4/6/12,0.3,11.1,3.3,2.6,rain,4/6/90,#N/A,11.1,#N/A,#N/A,#N/A
4/7/12,0,16.1,1.7,4.3,sun,4/7/90,#N/A,#N/A,16.1,#N/A,#N/A
4/8/12,0,21.1,7.2,4.1,sun,4/8/90,#N/A,#N/A,21.1,#N/A,#N/A
4/9/12,0,20,6.1,2.1,sun,4/9/90,#N/A,#N/A,20,#N/A,#N/A
4/10/12,0,17.8,8.9,3.2,rain,4/10/90,#N/A,17.8,#N/A,#N/A,#N/A
4/11/12,2.3,11.1,7.2,2.6,rain,4/11/90,#N/A,11.1,#N/A,#N/A,#N/A
4/12/12,0.5,13.9,5.6,2.6,rain,4/12/90,#N/A,13.9,#N/A,#N/A,#N/A
4/13/12,0,15,3.9,4,drizzle,4/13/90,15,#N/A,#N/A,#N/A,#N/A
4/14/12,0,15.6,3.3,3,sun,4/14/90,#N/A,#N/A,15.6,#N/A,#N/A
4/15/12,0,16.1,7.2,2.9,rain,4/15/90,#N/A,16.1,#N/A,#N/A,#N/A
4/16/12,8.1,13.3,6.7,5.8,rain,4/16/90,#N/A,13.3,#N/A,#N/A,#N/A
4/17/12,1.8,10,4.4,2,rain,4/17/90,#N/A,10,#N/A,#N/A,#N/A
4/18/12,1.8,13.3,7.2,3.9,rain,4/18/90,#N/A,13.3,#N/A,#N/A,#N/A
4/19/12,10.9,13.9,5,2.6,rain,4/19/90,#N/A,13.9,#N/A,#N/A,#N/A
4/20/12,6.6,13.3,6.7,2.7,rain,4/20/90,#N/A,13.3,#N/A,#N/A,#N/A
4/21/12,0,20,4.4,2.3,sun,4/21/90,#N/A,#N/A,20,#N/A,#N/A
4/22/12,0,23.3,8.3,2.6,rain,4/22/90,#N/A,23.3,#N/A,#N/A,#N/A
4/23/12,0,21.7,8.9,3.5,sun,4/23/90,#N/A,#N/A,21.7,#N/A,#N/A
4/24/12,4.3,13.9,10,2.8,rain,4/24/90,#N/A,13.9,#N/A,#N/A,#N/A
4/25/12,10.7,16.7,8.9,2.6,rain,4/25/90,#N/A,16.7,#N/A,#N/A,#N/A
4/26/12,3.8,13.9,6.7,5.2,rain,4/26/90,#N/A,13.9,#N/A,#N/A,#N/A
4/27/12,0.8,13.3,6.1,4.8,rain,4/27/90,#N/A,13.3,#N/A,#N/A,#N/A
4/28/12,0,16.1,8.3,2.5,drizzle,4/28/90,16.1,#N/A,#N/A,#N/A,#N/A
4/29/12,4.3,15.6,8.9,1.6,rain,4/29/90,#N/A,15.6,#N/A,#N/A,#N/A
4/30/12,4.3,12.8,7.2,8,rain,4/30/90,#N/A,12.8,#N/A,#N/A,#N/A
5/1/12,0.5,11.7,6.1,6.4,rain,5/1/90,#N/A,11.7,#N/A,#N/A,#N/A
5/2/12,0.5,13.3,5.6,2.5,rain,5/2/90,#N/A,13.3,#N/A,#N/A,#N/A
5/3/12,18.5,11.1,7.2,3.4,rain,5/3/90,#N/A,11.1,#N/A,#N/A,#N/A
5/4/12,1.8,12.2,6.1,4.6,rain,5/4/90,#N/A,12.2,#N/A,#N/A,#N/A
5/5/12,0,13.3,5,2.3,sun,5/5/90,#N/A,#N/A,13.3,#N/A,#N/A
5/6/12,0,17.8,5,2.4,sun,5/6/90,#N/A,#N/A,17.8,#N/A,#N/A
5/7/12,0,23.9,6.1,2.2,sun,5/7/90,#N/A,#N/A,23.9,#N/A,#N/A
5/8/12,0,18.3,9.4,3,sun,5/8/90,#N/A,#N/A,18.3,#N/A,#N/A
5/9/12,0,13.3,6.7,3.9,rain,5/9/90,#N/A,13.3,#N/A,#N/A,#N/A
5/10/12,0,14.4,3.9,3,sun,5/10/90,#N/A,#N/A,14.4,#N/A,#N/A
5/11/12,0,18.3,4.4,4.3,sun,5/11/90,#N/A,#N/A,18.3,#N/A,#N/A
5/12/12,0,24.4,6.7,3.4,sun,5/12/90,#N/A,#N/A,24.4,#N/A,#N/A
5/13/12,0,25.6,9.4,4.2,sun,5/13/90,#N/A,#N/A,25.6,#N/A,#N/A
5/14/12,0,26.7,12.8,3.8,sun,5/14/90,#N/A,#N/A,26.7,#N/A,#N/A
5/15/12,0,24.4,9.4,4.1,drizzle,5/15/90,24.4,#N/A,#N/A,#N/A,#N/A
5/16/12,0,19.4,9.4,3.5,sun,5/16/90,#N/A,#N/A,19.4,#N/A,#N/A
5/17/12,0,17.8,6.7,2.9,rain,5/17/90,#N/A,17.8,#N/A,#N/A,#N/A
5/18/12,0,15.6,7.8,3.1,rain,5/18/90,#N/A,15.6,#N/A,#N/A,#N/A
5/19/12,0,19.4,7.2,1.5,sun,5/19/90,#N/A,#N/A,19.4,#N/A,#N/A
5/20/12,6.4,14.4,11.7,1.3,rain,5/20/90,#N/A,14.4,#N/A,#N/A,#N/A
5/21/12,14,16.7,10,4,rain,5/21/90,#N/A,16.7,#N/A,#N/A,#N/A
5/22/12,6.1,12.8,8.9,4.8,rain,5/22/90,#N/A,12.8,#N/A,#N/A,#N/A
5/23/12,0.3,14.4,8.9,6.3,rain,5/23/90,#N/A,14.4,#N/A,#N/A,#N/A
5/24/12,0,17.2,8.9,3.3,rain,5/24/90,#N/A,17.2,#N/A,#N/A,#N/A
5/25/12,0,22.2,8.9,3.1,rain,5/25/90,#N/A,22.2,#N/A,#N/A,#N/A
5/26/12,0,22.2,8.9,3.6,sun,5/26/90,#N/A,#N/A,22.2,#N/A,#N/A
5/27/12,0,17.2,11.7,3.7,sun,5/27/90,#N/A,#N/A,17.2,#N/A,#N/A
5/28/12,0,16.7,10,3.4,rain,5/28/90,#N/A,16.7,#N/A,#N/A,#N/A
5/29/12,0,16.1,7.8,1.8,sun,5/29/90,#N/A,#N/A,16.1,#N/A,#N/A
5/30/12,0.3,18.9,11.1,1.5,rain,5/30/90,#N/A,18.9,#N/A,#N/A,#N/A
5/31/12,3.8,17.8,12.2,2.7,rain,5/31/90,#N/A,17.8,#N/A,#N/A,#N/A
6/1/12,6.6,20,12.8,3.7,rain,6/1/90,#N/A,20,#N/A,#N/A,#N/A
6/2/12,0.3,18.9,10.6,3.7,rain,6/2/90,#N/A,18.9,#N/A,#N/A,#N/A
6/3/12,0,17.2,9.4,2.9,sun,6/3/90,#N/A,#N/A,17.2,#N/A,#N/A
6/4/12,1.3,12.8,8.9,3.1,rain,6/4/90,#N/A,12.8,#N/A,#N/A,#N/A
6/5/12,16,13.3,8.3,3.3,rain,6/5/90,#N/A,13.3,#N/A,#N/A,#N/A
6/6/12,0,16.1,6.1,3.4,sun,6/6/90,#N/A,#N/A,16.1,#N/A,#N/A
6/7/12,16.5,16.1,8.9,3.5,rain,6/7/90,#N/A,16.1,#N/A,#N/A,#N/A
6/8/12,1.5,15,8.3,3,rain,6/8/90,#N/A,15,#N/A,#N/A,#N/A
6/9/12,0,17.2,8.3,4.7,rain,6/9/90,#N/A,17.2,#N/A,#N/A,#N/A
6/10/12,0,18.9,10,2.9,sun,6/10/90,#N/A,#N/A,18.9,#N/A,#N/A
6/11/12,0,23.3,10,1.8,rain,6/11/90,#N/A,23.3,#N/A,#N/A,#N/A
6/12/12,0.8,18.3,12.8,3.9,rain,6/12/90,#N/A,18.3,#N/A,#N/A,#N/A
6/13/12,0,16.1,11.1,4.3,sun,6/13/90,#N/A,#N/A,16.1,#N/A,#N/A
6/14/12,0,17.2,10,2.7,sun,6/14/90,#N/A,#N/A,17.2,#N/A,#N/A
6/15/12,0,22.2,9.4,1.7,sun,6/15/90,#N/A,#N/A,22.2,#N/A,#N/A
6/16/12,0,21.1,15,4.1,rain,6/16/90,#N/A,21.1,#N/A,#N/A,#N/A
6/17/12,0,18.9,11.7,6.4,sun,6/17/90,#N/A,#N/A,18.9,#N/A,#N/A
6/18/12,3,17.2,10,3.8,rain,6/18/90,#N/A,17.2,#N/A,#N/A,#N/A
6/19/12,1,19.4,10,3,rain,6/19/90,#N/A,19.4,#N/A,#N/A,#N/A
6/20/12,0,24.4,10,3,sun,6/20/90,#N/A,#N/A,24.4,#N/A,#N/A
6/21/12,0,23.9,11.7,2.1,sun,6/21/90,#N/A,#N/A,23.9,#N/A,#N/A
6/22/12,15.7,13.9,11.7,1.9,rain,6/22/90,#N/A,13.9,#N/A,#N/A,#N/A
6/23/12,8.6,15.6,9.4,2.5,rain,6/23/90,#N/A,15.6,#N/A,#N/A,#N/A
6/24/12,0,19.4,9.4,2,drizzle,6/24/90,19.4,#N/A,#N/A,#N/A,#N/A
6/25/12,0.5,19.4,11.1,3.1,rain,6/25/90,#N/A,19.4,#N/A,#N/A,#N/A
6/26/12,0,18.3,10.6,3.4,rain,6/26/90,#N/A,18.3,#N/A,#N/A,#N/A
6/27/12,0,22.8,8.9,1.8,sun,6/27/90,#N/A,#N/A,22.8,#N/A,#N/A
6/28/12,0,22.2,11.7,2.5,rain,6/28/90,#N/A,22.2,#N/A,#N/A,#N/A
6/29/12,0.3,21.7,15,1.9,rain,6/29/90,#N/A,21.7,#N/A,#N/A,#N/A
6/30/12,3,20,13.3,2.4,rain,6/30/90,#N/A,20,#N/A,#N/A,#N/A
7/1/12,0,20,12.2,2.3,rain,7/1/90,#N/A,20,#N/A,#N/A,#N/A
7/2/12,2,18.9,11.7,2.1,rain,7/2/90,#N/A,18.9,#N/A,#N/A,#N/A
7/3/12,5.8,18.3,10.6,6,rain,7/3/90,#N/A,18.3,#N/A,#N/A,#N/A
7/4/12,0,20.6,9.4,3.8,sun,7/4/90,#N/A,#N/A,20.6,#N/A,#N/A
7/5/12,0,24.4,10.6,3.1,drizzle,7/5/90,24.4,#N/A,#N/A,#N/A,#N/A
7/6/12,0,25,11.1,2.1,sun,7/6/90,#N/A,#N/A,25,#N/A,#N/A
7/7/12,0,26.7,12.8,3.8,sun,7/7/90,#N/A,#N/A,26.7,#N/A,#N/A
7/8/12,0,28.3,14.4,2.8,rain,7/8/90,#N/A,28.3,#N/A,#N/A,#N/A
7/9/12,1.5,25,12.8,2,rain,7/9/90,#N/A,25,#N/A,#N/A,#N/A
7/10/12,0,23.9,11.1,2.3,drizzle,7/10/90,23.9,#N/A,#N/A,#N/A,#N/A
7/11/12,0,27.8,13.3,2.9,fog,7/11/90,#N/A,#N/A,#N/A,#N/A,27.8
7/12/12,0,25.6,13.3,2.7,drizzle,7/12/90,25.6,#N/A,#N/A,#N/A,#N/A
7/13/12,0.5,23.3,13.9,2.2,rain,7/13/90,#N/A,23.3,#N/A,#N/A,#N/A
7/14/12,0,25,15,2.2,rain,7/14/90,#N/A,25,#N/A,#N/A,#N/A
7/15/12,0,18.9,13.3,3.8,rain,7/15/90,#N/A,18.9,#N/A,#N/A,#N/A
7/16/12,0.3,26.1,13.3,2.5,rain,7/16/90,#N/A,26.1,#N/A,#N/A,#N/A
7/17/12,0,21.7,15,2.6,sun,7/17/90,#N/A,#N/A,21.7,#N/A,#N/A
7/18/12,0,21.1,14.4,2.9,sun,7/18/90,#N/A,#N/A,21.1,#N/A,#N/A
7/19/12,0,25,14.4,2.2,sun,7/19/90,#N/A,#N/A,25,#N/A,#N/A
7/20/12,15.2,19.4,13.9,4,rain,7/20/90,#N/A,19.4,#N/A,#N/A,#N/A
7/21/12,0,23.9,13.9,2.3,sun,7/21/90,#N/A,#N/A,23.9,#N/A,#N/A
7/22/12,1,20.6,12.2,3.9,rain,7/22/90,#N/A,20.6,#N/A,#N/A,#N/A
7/23/12,0,18.9,11.1,3.3,rain,7/23/90,#N/A,18.9,#N/A,#N/A,#N/A
7/24/12,0,23.3,12.2,4.3,sun,7/24/90,#N/A,#N/A,23.3,#N/A,#N/A
7/25/12,0,26.7,12.8,2.6,sun,7/25/90,#N/A,#N/A,26.7,#N/A,#N/A
7/26/12,0,25.6,12.8,2.2,drizzle,7/26/90,25.6,#N/A,#N/A,#N/A,#N/A
7/27/12,0,18.9,13.9,2.8,drizzle,7/27/90,18.9,#N/A,#N/A,#N/A,#N/A
7/28/12,0,22.2,13.3,1.7,drizzle,7/28/90,22.2,#N/A,#N/A,#N/A,#N/A
7/29/12,0,22.8,15,2,sun,7/29/90,#N/A,#N/A,22.8,#N/A,#N/A
7/30/12,0,19.4,13.3,3,sun,7/30/90,#N/A,#N/A,19.4,#N/A,#N/A
7/31/12,0,22.8,13.9,2.8,sun,7/31/90,#N/A,#N/A,22.8,#N/A,#N/A
8/1/12,0,23.9,13.3,2.2,drizzle,8/1/90,23.9,#N/A,#N/A,#N/A,#N/A
8/2/12,0,23.3,12.2,2.5,sun,8/2/90,#N/A,#N/A,23.3,#N/A,#N/A
8/3/12,0,27.2,12.8,3.9,sun,8/3/90,#N/A,#N/A,27.2,#N/A,#N/A
8/4/12,0,33.9,16.7,3.7,sun,8/4/90,#N/A,#N/A,33.9,#N/A,#N/A
8/5/12,0,33.9,17.8,1.9,sun,8/5/90,#N/A,#N/A,33.9,#N/A,#N/A
8/6/12,0,28.3,15.6,2.5,rain,8/6/90,#N/A,28.3,#N/A,#N/A,#N/A
8/7/12,0,21.1,15,2.6,drizzle,8/7/90,21.1,#N/A,#N/A,#N/A,#N/A
8/8/12,0,22.2,15,3.1,sun,8/8/90,#N/A,#N/A,22.2,#N/A,#N/A
8/9/12,0,24.4,14.4,3.8,drizzle,8/9/90,24.4,#N/A,#N/A,#N/A,#N/A
8/10/12,0,25.6,12.2,2.3,sun,8/10/90,#N/A,#N/A,25.6,#N/A,#N/A
8/11/12,0,28.3,13.3,2.5,sun,8/11/90,#N/A,#N/A,28.3,#N/A,#N/A
8/12/12,0,30.6,15,3,sun,8/12/90,#N/A,#N/A,30.6,#N/A,#N/A
8/13/12,0,30.6,15,2.8,sun,8/13/90,#N/A,#N/A,30.6,#N/A,#N/A
8/14/12,0,28.9,13.9,2.8,sun,8/14/90,#N/A,#N/A,28.9,#N/A,#N/A
8/15/12,0,31.1,16.7,4.7,sun,8/15/90,#N/A,#N/A,31.1,#N/A,#N/A
8/16/12,0,34.4,18.3,2.8,sun,8/16/90,#N/A,#N/A,34.4,#N/A,#N/A
8/17/12,0,32.8,16.1,1.8,sun,8/17/90,#N/A,#N/A,32.8,#N/A,#N/A
8/18/12,0,21.7,14.4,3,drizzle,8/18/90,21.7,#N/A,#N/A,#N/A,#N/A
8/19/12,0,23.3,15,2.7,drizzle,8/19/90,23.3,#N/A,#N/A,#N/A,#N/A
8/20/12,0,25.6,15,1.9,sun,8/20/90,#N/A,#N/A,25.6,#N/A,#N/A
8/21/12,0,23.3,13.3,3,rain,8/21/90,#N/A,23.3,#N/A,#N/A,#N/A
8/22/12,0,22.2,13.3,2.3,sun,8/22/90,#N/A,#N/A,22.2,#N/A,#N/A
8/23/12,0,21.1,13.9,3.8,sun,8/23/90,#N/A,#N/A,21.1,#N/A,#N/A
8/24/12,0,22.2,10,3.3,sun,8/24/90,#N/A,#N/A,22.2,#N/A,#N/A
8/25/12,0,26.1,11.7,3.2,sun,8/25/90,#N/A,#N/A,26.1,#N/A,#N/A
8/26/12,0,21.1,12.2,3.4,sun,8/26/90,#N/A,#N/A,21.1,#N/A,#N/A
8/27/12,0,23.9,13.3,1.8,sun,8/27/90,#N/A,#N/A,23.9,#N/A,#N/A
8/28/12,0,22.8,12.2,3.2,sun,8/28/90,#N/A,#N/A,22.8,#N/A,#N/A
8/29/12,0,22.8,13.3,2.4,sun,8/29/90,#N/A,#N/A,22.8,#N/A,#N/A
8/30/12,0,22.8,12.8,1.9,sun,8/30/90,#N/A,#N/A,22.8,#N/A,#N/A
8/31/12,0,22.2,10.6,2.9,sun,8/31/90,#N/A,#N/A,22.2,#N/A,#N/A
9/1/12,0,21.7,10.6,2.1,sun,9/1/90,#N/A,#N/A,21.7,#N/A,#N/A
9/2/12,0,21.1,10,2,sun,9/2/90,#N/A,#N/A,21.1,#N/A,#N/A
9/3/12,0,22.8,12.8,3.3,sun,9/3/90,#N/A,#N/A,22.8,#N/A,#N/A
9/4/12,0,24.4,11.1,3.1,sun,9/4/90,#N/A,#N/A,24.4,#N/A,#N/A
9/5/12,0,26.1,11.7,2.6,sun,9/5/90,#N/A,#N/A,26.1,#N/A,#N/A
9/6/12,0,28.3,14.4,4.2,sun,9/6/90,#N/A,#N/A,28.3,#N/A,#N/A
9/7/12,0,32.2,13.3,3.1,sun,9/7/90,#N/A,#N/A,32.2,#N/A,#N/A
9/8/12,0,25,13.3,3,sun,9/8/90,#N/A,#N/A,25,#N/A,#N/A
9/9/12,0.3,18.9,13.9,5,rain,9/9/90,#N/A,18.9,#N/A,#N/A,#N/A
9/10/12,0.3,20,11.7,3.9,rain,9/10/90,#N/A,20,#N/A,#N/A,#N/A
9/11/12,0,20,8.9,4.2,sun,9/11/90,#N/A,#N/A,20,#N/A,#N/A
9/12/12,0,22.2,10,5.6,sun,9/12/90,#N/A,#N/A,22.2,#N/A,#N/A
9/13/12,0,27.8,11.7,3.6,sun,9/13/90,#N/A,#N/A,27.8,#N/A,#N/A
9/14/12,0,26.1,11.1,1.5,sun,9/14/90,#N/A,#N/A,26.1,#N/A,#N/A
9/15/12,0,22.2,11.1,1.9,sun,9/15/90,#N/A,#N/A,22.2,#N/A,#N/A
9/16/12,0,24.4,9.4,2.3,sun,9/16/90,#N/A,#N/A,24.4,#N/A,#N/A
9/17/12,0,27.8,11.7,2.2,fog,9/17/90,#N/A,#N/A,#N/A,#N/A,27.8
9/18/12,0,27.8,11.7,1.4,sun,9/18/90,#N/A,#N/A,27.8,#N/A,#N/A
9/19/12,0,23.9,11.7,1.9,drizzle,9/19/90,23.9,#N/A,#N/A,#N/A,#N/A
9/20/12,0,19.4,10,2.5,drizzle,9/20/90,19.4,#N/A,#N/A,#N/A,#N/A
9/21/12,0,16.1,12.8,2.1,drizzle,9/21/90,16.1,#N/A,#N/A,#N/A,#N/A
9/22/12,0.3,19.4,11.7,1.1,rain,9/22/90,#N/A,19.4,#N/A,#N/A,#N/A
9/23/12,0,19.4,10,1.4,fog,9/23/90,#N/A,#N/A,#N/A,#N/A,19.4
9/24/12,0,21.1,10,1.8,fog,9/24/90,#N/A,#N/A,#N/A,#N/A,21.1
9/25/12,0,19.4,11.1,1.7,sun,9/25/90,#N/A,#N/A,19.4,#N/A,#N/A
9/26/12,0,19.4,9.4,1.7,drizzle,9/26/90,19.4,#N/A,#N/A,#N/A,#N/A
9/27/12,0,22.8,10,1.7,drizzle,9/27/90,22.8,#N/A,#N/A,#N/A,#N/A
9/28/12,0,25,12.2,1.1,rain,9/28/90,#N/A,25,#N/A,#N/A,#N/A
9/29/12,0,20.6,12.2,4.3,sun,9/29/90,#N/A,#N/A,20.6,#N/A,#N/A
9/30/12,0,21.1,7.8,3.1,sun,9/30/90,#N/A,#N/A,21.1,#N/A,#N/A
10/1/12,0,23.3,8.9,3,sun,10/1/90,#N/A,#N/A,23.3,#N/A,#N/A
10/2/12,0,17.8,10,4.1,sun,10/2/90,#N/A,#N/A,17.8,#N/A,#N/A
10/3/12,0,18.9,7.8,7.3,sun,10/3/90,#N/A,#N/A,18.9,#N/A,#N/A
10/4/12,0,18.9,8.3,6.5,sun,10/4/90,#N/A,#N/A,18.9,#N/A,#N/A
10/5/12,0,21.7,8.9,5.7,sun,10/5/90,#N/A,#N/A,21.7,#N/A,#N/A
10/6/12,0,23.9,7.8,5.1,sun,10/6/90,#N/A,#N/A,23.9,#N/A,#N/A
10/7/12,0,23.9,7.8,1.3,sun,10/7/90,#N/A,#N/A,23.9,#N/A,#N/A
10/8/12,0,21.1,7.8,1.9,sun,10/8/90,#N/A,#N/A,21.1,#N/A,#N/A
10/9/12,0,16.1,8.9,1.6,drizzle,10/9/90,16.1,#N/A,#N/A,#N/A,#N/A
10/10/12,0,12.2,8.3,1.4,drizzle,10/10/90,12.2,#N/A,#N/A,#N/A,#N/A
10/11/12,0,13.9,7.2,1.3,drizzle,10/11/90,13.9,#N/A,#N/A,#N/A,#N/A
10/12/12,2,13.9,8.9,4.6,rain,10/12/90,#N/A,13.9,#N/A,#N/A,#N/A
10/13/12,4.8,15.6,12.2,3.9,rain,10/13/90,#N/A,15.6,#N/A,#N/A,#N/A
10/14/12,16.5,17.8,13.3,3.4,rain,10/14/90,#N/A,17.8,#N/A,#N/A,#N/A
10/15/12,7.9,17.2,11.1,4.6,rain,10/15/90,#N/A,17.2,#N/A,#N/A,#N/A
10/16/12,0,16.1,8.3,5.5,sun,10/16/90,#N/A,#N/A,16.1,#N/A,#N/A
10/17/12,0,14.4,6.1,1.6,sun,10/17/90,#N/A,#N/A,14.4,#N/A,#N/A
10/18/12,20.8,17.8,6.7,2,rain,10/18/90,#N/A,17.8,#N/A,#N/A,#N/A
10/19/12,4.8,15,9.4,5.3,rain,10/19/90,#N/A,15,#N/A,#N/A,#N/A
10/20/12,0.5,11.1,6.1,5.7,rain,10/20/90,#N/A,11.1,#N/A,#N/A,#N/A
10/21/12,6.4,11.7,4.4,2.7,rain,10/21/90,#N/A,11.7,#N/A,#N/A,#N/A
10/22/12,8.9,7.8,3.3,2.6,rain,10/22/90,#N/A,7.8,#N/A,#N/A,#N/A
10/23/12,0,11.1,5.6,3,rain,10/23/90,#N/A,11.1,#N/A,#N/A,#N/A
10/24/12,7.1,11.7,6.1,2.1,rain,10/24/90,#N/A,11.7,#N/A,#N/A,#N/A
10/25/12,0,11.7,6.7,1.5,sun,10/25/90,#N/A,#N/A,11.7,#N/A,#N/A
10/26/12,1.5,11.1,7.2,2.5,rain,10/26/90,#N/A,11.1,#N/A,#N/A,#N/A
10/27/12,23.1,14.4,9.4,5.1,rain,10/27/90,#N/A,14.4,#N/A,#N/A,#N/A
10/28/12,6.1,14.4,10,3.8,rain,10/28/90,#N/A,14.4,#N/A,#N/A,#N/A
10/29/12,10.9,15.6,10,4.9,rain,10/29/90,#N/A,15.6,#N/A,#N/A,#N/A
10/30/12,34.5,15,12.2,2.8,rain,10/30/90,#N/A,15,#N/A,#N/A,#N/A
10/31/12,14.5,15.6,11.1,2.7,rain,10/31/90,#N/A,15.6,#N/A,#N/A,#N/A
11/1/12,9.7,15,10.6,3,rain,11/1/90,#N/A,15,#N/A,#N/A,#N/A
11/2/12,5.6,15,10.6,1,rain,11/2/90,#N/A,15,#N/A,#N/A,#N/A
11/3/12,0.5,15.6,11.1,3.6,rain,11/3/90,#N/A,15.6,#N/A,#N/A,#N/A
11/4/12,8.1,17.8,12.8,3.8,rain,11/4/90,#N/A,17.8,#N/A,#N/A,#N/A
11/5/12,0.8,15,7.8,4,rain,11/5/90,#N/A,15,#N/A,#N/A,#N/A
11/6/12,0.3,12.8,6.7,3.5,rain,11/6/90,#N/A,12.8,#N/A,#N/A,#N/A
11/7/12,0,12.2,3.9,3.4,rain,11/7/90,#N/A,12.2,#N/A,#N/A,#N/A
11/8/12,0,10,1.1,3.4,rain,11/8/90,#N/A,10,#N/A,#N/A,#N/A
11/9/12,0,8.9,1.1,2,rain,11/9/90,#N/A,8.9,#N/A,#N/A,#N/A
11/10/12,0,7.8,-0.6,2.2,sun,11/10/90,#N/A,#N/A,7.8,#N/A,#N/A
11/11/12,15.2,8.9,1.1,3,rain,11/11/90,#N/A,8.9,#N/A,#N/A,#N/A
11/12/12,3.6,12.8,6.1,3,rain,11/12/90,#N/A,12.8,#N/A,#N/A,#N/A
11/13/12,5.3,11.1,7.8,2.5,rain,11/13/90,#N/A,11.1,#N/A,#N/A,#N/A
11/14/12,0.8,11.1,5,2.6,rain,11/14/90,#N/A,11.1,#N/A,#N/A,#N/A
11/15/12,0,9.4,2.8,2.4,drizzle,11/15/90,9.4,#N/A,#N/A,#N/A,#N/A
11/16/12,5.6,9.4,2.2,1.6,rain,11/16/90,#N/A,9.4,#N/A,#N/A,#N/A
11/17/12,6.1,12.2,6.1,5.3,rain,11/17/90,#N/A,12.2,#N/A,#N/A,#N/A
11/18/12,7.9,10,6.1,4.9,rain,11/18/90,#N/A,10,#N/A,#N/A,#N/A
11/19/12,54.1,13.3,8.3,6,rain,11/19/90,#N/A,13.3,#N/A,#N/A,#N/A
11/20/12,3.8,11.1,7.2,4.2,rain,11/20/90,#N/A,11.1,#N/A,#N/A,#N/A
11/21/12,11.2,8.3,3.9,5.5,rain,11/21/90,#N/A,8.3,#N/A,#N/A,#N/A
11/22/12,0,8.9,2.8,1.5,rain,11/22/90,#N/A,8.9,#N/A,#N/A,#N/A
11/23/12,32,9.4,6.1,2.4,rain,11/23/90,#N/A,9.4,#N/A,#N/A,#N/A
11/24/12,0,8.9,3.9,1.2,rain,11/24/90,#N/A,8.9,#N/A,#N/A,#N/A
11/25/12,0,8.3,1.1,3.6,drizzle,11/25/90,8.3,#N/A,#N/A,#N/A,#N/A
11/26/12,0,9.4,1.7,3.8,fog,11/26/90,#N/A,#N/A,#N/A,#N/A,9.4
11/27/12,0,10,1.7,1.5,sun,11/27/90,#N/A,#N/A,10,#N/A,#N/A
11/28/12,2.8,9.4,2.2,2.9,rain,11/28/90,#N/A,9.4,#N/A,#N/A,#N/A
11/29/12,1.5,12.8,7.8,4.2,rain,11/29/90,#N/A,12.8,#N/A,#N/A,#N/A
11/30/12,35.6,15,7.8,4.6,rain,11/30/90,#N/A,15,#N/A,#N/A,#N/A
12/1/12,4.1,13.3,8.3,5.5,rain,12/1/90,#N/A,13.3,#N/A,#N/A,#N/A
12/2/12,19.6,8.3,7.2,6.2,rain,12/2/90,#N/A,8.3,#N/A,#N/A,#N/A
12/3/12,13,9.4,7.2,4.4,rain,12/3/90,#N/A,9.4,#N/A,#N/A,#N/A
12/4/12,14.2,11.7,7.2,6.2,rain,12/4/90,#N/A,11.7,#N/A,#N/A,#N/A
12/5/12,1.5,8.9,4.4,5,rain,12/5/90,#N/A,8.9,#N/A,#N/A,#N/A
12/6/12,1.5,7.2,6.1,5.1,rain,12/6/90,#N/A,7.2,#N/A,#N/A,#N/A
12/7/12,1,7.8,3.3,4.6,rain,12/7/90,#N/A,7.8,#N/A,#N/A,#N/A
12/8/12,0,6.7,3.3,2,sun,12/8/90,#N/A,#N/A,6.7,#N/A,#N/A
12/9/12,1.5,6.7,2.8,2.1,rain,12/9/90,#N/A,6.7,#N/A,#N/A,#N/A
12/10/12,0.5,7.2,5.6,1.8,rain,12/10/90,#N/A,7.2,#N/A,#N/A,#N/A
12/11/12,3,7.8,5.6,4.5,rain,12/11/90,#N/A,7.8,#N/A,#N/A,#N/A
12/12/12,8.1,6.7,4.4,2,rain,12/12/90,#N/A,6.7,#N/A,#N/A,#N/A
12/13/12,2.3,7.2,3.3,2.8,rain,12/13/90,#N/A,7.2,#N/A,#N/A,#N/A
12/14/12,7.9,6.1,1.1,1.7,rain,12/14/90,#N/A,6.1,#N/A,#N/A,#N/A
12/15/12,5.3,4.4,0.6,5.1,snow,12/15/90,#N/A,#N/A,#N/A,4.4,#N/A
12/16/12,22.6,6.7,3.3,5.5,snow,12/16/90,#N/A,#N/A,#N/A,6.7,#N/A
12/17/12,2,8.3,1.7,9.5,rain,12/17/90,#N/A,8.3,#N/A,#N/A,#N/A
12/18/12,3.3,3.9,0.6,5.3,snow,12/18/90,#N/A,#N/A,#N/A,3.9,#N/A
12/19/12,13.7,8.3,1.7,5.8,snow,12/19/90,#N/A,#N/A,#N/A,8.3,#N/A
12/20/12,13.2,7.2,0.6,3.7,rain,12/20/90,#N/A,7.2,#N/A,#N/A,#N/A
12/21/12,1.8,8.3,-1.7,1.7,rain,12/21/90,#N/A,8.3,#N/A,#N/A,#N/A
12/22/12,3.3,8.3,3.9,3.5,rain,12/22/90,#N/A,8.3,#N/A,#N/A,#N/A
12/23/12,6.6,7.2,3.3,2.5,rain,12/23/90,#N/A,7.2,#N/A,#N/A,#N/A
12/24/12,0.3,5.6,2.8,2.8,rain,12/24/90,#N/A,5.6,#N/A,#N/A,#N/A
12/25/12,13.5,5.6,2.8,4.2,snow,12/25/90,#N/A,#N/A,#N/A,5.6,#N/A
12/26/12,4.6,6.7,3.3,4.9,rain,12/26/90,#N/A,6.7,#N/A,#N/A,#N/A
12/27/12,4.1,7.8,3.3,3.2,rain,12/27/90,#N/A,7.8,#N/A,#N/A,#N/A
12/28/12,0,8.3,3.9,1.7,rain,12/28/90,#N/A,8.3,#N/A,#N/A,#N/A
12/29/12,1.5,5,3.3,1.7,rain,12/29/90,#N/A,5,#N/A,#N/A,#N/A
12/30/12,0,4.4,0,1.8,drizzle,12/30/90,4.4,#N/A,#N/A,#N/A,#N/A
12/31/12,0,3.3,-1.1,2,drizzle,12/31/90,3.3,#N/A,#N/A,#N/A,#N/A
1/1/13,0,5,-2.8,2.7,sun,1/1/90,#N/A,#N/A,5,#N/A,#N/A
1/2/13,0,6.1,-1.1,3.2,sun,1/2/90,#N/A,#N/A,6.1,#N/A,#N/A
1/3/13,4.1,6.7,-1.7,3,rain,1/3/90,#N/A,6.7,#N/A,#N/A,#N/A
1/4/13,2.5,10,2.2,2.8,rain,1/4/90,#N/A,10,#N/A,#N/A,#N/A
1/5/13,3,6.7,4.4,3.1,rain,1/5/90,#N/A,6.7,#N/A,#N/A,#N/A
1/6/13,2,7.2,2.8,3,rain,1/6/90,#N/A,7.2,#N/A,#N/A,#N/A
1/7/13,2.3,10,4.4,7.3,rain,1/7/90,#N/A,10,#N/A,#N/A,#N/A
1/8/13,16.3,11.7,5.6,6.3,rain,1/8/90,#N/A,11.7,#N/A,#N/A,#N/A
1/9/13,38.4,10,1.7,5.1,rain,1/9/90,#N/A,10,#N/A,#N/A,#N/A
1/10/13,0.3,3.3,-0.6,2.1,snow,1/10/90,#N/A,#N/A,#N/A,3.3,#N/A
1/11/13,0,2.8,-2.8,1.9,drizzle,1/11/90,2.8,#N/A,#N/A,#N/A,#N/A
1/12/13,0,2.8,-3.9,2,sun,1/12/90,#N/A,#N/A,2.8,#N/A,#N/A
1/13/13,0,2.2,-4.4,1.5,sun,1/13/90,#N/A,#N/A,2.2,#N/A,#N/A
1/14/13,0,3.3,-2.2,1.3,sun,1/14/90,#N/A,#N/A,3.3,#N/A,#N/A
1/15/13,0,6.7,-0.6,2.3,sun,1/15/90,#N/A,#N/A,6.7,#N/A,#N/A
1/16/13,0,6.1,-3.9,1.8,drizzle,1/16/90,6.1,#N/A,#N/A,#N/A,#N/A
1/17/13,0,3.9,-2.8,1,drizzle,1/17/90,3.9,#N/A,#N/A,#N/A,#N/A
1/18/13,0,3.3,-1.1,1.3,drizzle,1/18/90,3.3,#N/A,#N/A,#N/A,#N/A
1/19/13,0,1.1,-0.6,1.9,drizzle,1/19/90,1.1,#N/A,#N/A,#N/A,#N/A
1/20/13,0,3.3,-0.6,2.1,drizzle,1/20/90,3.3,#N/A,#N/A,#N/A,#N/A
1/21/13,0,2.2,-1.7,1.1,drizzle,1/21/90,2.2,#N/A,#N/A,#N/A,#N/A
1/22/13,0,3.3,-1.7,0.6,drizzle,1/22/90,3.3,#N/A,#N/A,#N/A,#N/A
1/23/13,5.1,7.2,2.2,3.1,rain,1/23/90,#N/A,7.2,#N/A,#N/A,#N/A
1/24/13,5.8,7.2,1.1,2.6,rain,1/24/90,#N/A,7.2,#N/A,#N/A,#N/A
1/25/13,3,10.6,2.8,2.1,rain,1/25/90,#N/A,10.6,#N/A,#N/A,#N/A
1/26/13,2.3,8.3,3.9,4.5,rain,1/26/90,#N/A,8.3,#N/A,#N/A,#N/A
1/27/13,1.8,5.6,3.9,4.5,rain,1/27/90,#N/A,5.6,#N/A,#N/A,#N/A
1/28/13,7.9,6.1,3.3,3.2,rain,1/28/90,#N/A,6.1,#N/A,#N/A,#N/A
1/29/13,4.3,8.3,5,3.9,rain,1/29/90,#N/A,8.3,#N/A,#N/A,#N/A
1/30/13,3.6,8.9,6.7,3.9,rain,1/30/90,#N/A,8.9,#N/A,#N/A,#N/A
1/31/13,3,9.4,7.2,4,rain,1/31/90,#N/A,9.4,#N/A,#N/A,#N/A
2/1/13,0.3,11.7,5,2.9,rain,2/1/90,#N/A,11.7,#N/A,#N/A,#N/A
2/2/13,0,6.1,2.8,2,drizzle,2/2/90,6.1,#N/A,#N/A,#N/A,#N/A
2/3/13,2.3,8.9,2.8,2.9,rain,2/3/90,#N/A,8.9,#N/A,#N/A,#N/A
2/4/13,0,10.6,6.7,2.6,rain,2/4/90,#N/A,10.6,#N/A,#N/A,#N/A
2/5/13,3.3,10,6.7,5.1,rain,2/5/90,#N/A,10,#N/A,#N/A,#N/A
2/6/13,1,10.6,6.1,4.5,rain,2/6/90,#N/A,10.6,#N/A,#N/A,#N/A
2/7/13,1.3,9.4,3.3,4.1,rain,2/7/90,#N/A,9.4,#N/A,#N/A,#N/A
2/8/13,0,7.8,2.2,1.3,sun,2/8/90,#N/A,#N/A,7.8,#N/A,#N/A
2/9/13,0.3,8.3,4.4,1.3,rain,2/9/90,#N/A,8.3,#N/A,#N/A,#N/A
2/10/13,0,8.9,1.7,2,drizzle,2/10/90,8.9,#N/A,#N/A,#N/A,#N/A
2/11/13,0.3,8.3,4.4,1.4,rain,2/11/90,#N/A,8.3,#N/A,#N/A,#N/A
2/12/13,1,11.1,7.2,5.6,rain,2/12/90,#N/A,11.1,#N/A,#N/A,#N/A
2/13/13,2.3,9.4,7.2,4.1,rain,2/13/90,#N/A,9.4,#N/A,#N/A,#N/A
2/14/13,1,9.4,5.6,2.2,rain,2/14/90,#N/A,9.4,#N/A,#N/A,#N/A
2/15/13,0,13.3,5,2.4,drizzle,2/15/90,13.3,#N/A,#N/A,#N/A,#N/A
2/16/13,0,11.1,3.9,5.6,rain,2/16/90,#N/A,11.1,#N/A,#N/A,#N/A
2/17/13,0,9.4,4.4,3.4,rain,2/17/90,#N/A,9.4,#N/A,#N/A,#N/A
2/18/13,0,7.8,3.9,1.9,rain,2/18/90,#N/A,7.8,#N/A,#N/A,#N/A
2/19/13,0,10.6,1.7,3.4,sun,2/19/90,#N/A,#N/A,10.6,#N/A,#N/A
2/20/13,1.5,7.8,1.1,2.1,rain,2/20/90,#N/A,7.8,#N/A,#N/A,#N/A
2/21/13,0.5,6.7,3.9,6.2,rain,2/21/90,#N/A,6.7,#N/A,#N/A,#N/A
2/22/13,9.4,7.8,3.9,8.1,rain,2/22/90,#N/A,7.8,#N/A,#N/A,#N/A
2/23/13,0.3,10,3.9,4.6,rain,2/23/90,#N/A,10,#N/A,#N/A,#N/A
2/24/13,0,8.9,5,5.5,rain,2/24/90,#N/A,8.9,#N/A,#N/A,#N/A
2/25/13,2.3,10.6,3.3,7.1,rain,2/25/90,#N/A,10.6,#N/A,#N/A,#N/A
2/26/13,0.5,8.9,3.9,3.8,rain,2/26/90,#N/A,8.9,#N/A,#N/A,#N/A
2/27/13,4.6,10,4.4,1.8,rain,2/27/90,#N/A,10,#N/A,#N/A,#N/A
2/28/13,8.1,11.7,6.7,3.8,rain,2/28/90,#N/A,11.7,#N/A,#N/A,#N/A
3/1/13,4.1,15,11.1,5.4,rain,3/1/90,#N/A,15,#N/A,#N/A,#N/A
3/2/13,0.8,13.9,5,4.5,rain,3/2/90,#N/A,13.9,#N/A,#N/A,#N/A
3/3/13,0,11.1,2.2,2.8,sun,3/3/90,#N/A,#N/A,11.1,#N/A,#N/A
3/4/13,0,13.3,0,3.9,sun,3/4/90,#N/A,#N/A,13.3,#N/A,#N/A
3/5/13,0,9.4,6.1,2.4,rain,3/5/90,#N/A,9.4,#N/A,#N/A,#N/A
3/6/13,11.9,7.2,5,4.1,rain,3/6/90,#N/A,7.2,#N/A,#N/A,#N/A
3/7/13,7.4,12.2,5,2.5,rain,3/7/90,#N/A,12.2,#N/A,#N/A,#N/A
3/8/13,0,11.7,2.2,2.6,drizzle,3/8/90,11.7,#N/A,#N/A,#N/A,#N/A
3/9/13,0,12.8,1.1,1.3,fog,3/9/90,#N/A,#N/A,#N/A,#N/A,12.8
3/10/13,0.8,7.8,3.9,1.6,rain,3/10/90,#N/A,7.8,#N/A,#N/A,#N/A
3/11/13,1.3,10.6,6.1,1.1,rain,3/11/90,#N/A,10.6,#N/A,#N/A,#N/A
3/12/13,2,12.8,10,5.7,rain,3/12/90,#N/A,12.8,#N/A,#N/A,#N/A
3/13/13,2.3,11.7,9.4,3.7,rain,3/13/90,#N/A,11.7,#N/A,#N/A,#N/A
3/14/13,2.8,11.7,9.4,3,rain,3/14/90,#N/A,11.7,#N/A,#N/A,#N/A
3/15/13,0,14.4,8.9,4.3,rain,3/15/90,#N/A,14.4,#N/A,#N/A,#N/A
3/16/13,4.3,10.6,4.4,6.4,rain,3/16/90,#N/A,10.6,#N/A,#N/A,#N/A
3/17/13,0,8.9,3.9,6.1,sun,3/17/90,#N/A,#N/A,8.9,#N/A,#N/A
3/18/13,0,11.7,3.9,5.9,rain,3/18/90,#N/A,11.7,#N/A,#N/A,#N/A
3/19/13,11.7,12.8,1.7,3.4,rain,3/19/90,#N/A,12.8,#N/A,#N/A,#N/A
3/20/13,9.9,11.1,4.4,7.6,rain,3/20/90,#N/A,11.1,#N/A,#N/A,#N/A
3/21/13,8.1,10,2.2,4.9,snow,3/21/90,#N/A,#N/A,#N/A,10,#N/A
3/22/13,0,9.4,0.6,2.2,sun,3/22/90,#N/A,#N/A,9.4,#N/A,#N/A
3/23/13,0,10,1.1,2.6,sun,3/23/90,#N/A,#N/A,10,#N/A,#N/A
3/24/13,0,12.2,0.6,2.1,sun,3/24/90,#N/A,#N/A,12.2,#N/A,#N/A
3/25/13,0,16.7,4.4,2.8,sun,3/25/90,#N/A,#N/A,16.7,#N/A,#N/A
3/26/13,0,16.7,6.1,1.7,sun,3/26/90,#N/A,#N/A,16.7,#N/A,#N/A
3/27/13,0.3,13.3,7.2,1.6,rain,3/27/90,#N/A,13.3,#N/A,#N/A,#N/A
3/28/13,2,16.1,8.3,1.3,rain,3/28/90,#N/A,16.1,#N/A,#N/A,#N/A
3/29/13,0,18.3,7.8,2.5,rain,3/29/90,#N/A,18.3,#N/A,#N/A,#N/A
3/30/13,0,20,5.6,4.4,drizzle,3/30/90,20,#N/A,#N/A,#N/A,#N/A
3/31/13,0,20.6,6.7,2.9,sun,3/31/90,#N/A,#N/A,20.6,#N/A,#N/A
4/1/13,0,17.2,8.3,3.6,sun,4/1/90,#N/A,#N/A,17.2,#N/A,#N/A
4/2/13,0,13.9,8.9,2.2,sun,4/2/90,#N/A,#N/A,13.9,#N/A,#N/A
4/3/13,0,16.7,7.8,1.6,sun,4/3/90,#N/A,#N/A,16.7,#N/A,#N/A
4/4/13,8.4,14.4,10,3,rain,4/4/90,#N/A,14.4,#N/A,#N/A,#N/A
4/5/13,18.5,13.9,10,5.6,rain,4/5/90,#N/A,13.9,#N/A,#N/A,#N/A
4/6/13,12.7,12.2,7.2,5,rain,4/6/90,#N/A,12.2,#N/A,#N/A,#N/A
4/7/13,39.1,8.3,5,3.9,rain,4/7/90,#N/A,8.3,#N/A,#N/A,#N/A
4/8/13,0.8,13.3,6.1,3.1,rain,4/8/90,#N/A,13.3,#N/A,#N/A,#N/A
4/9/13,0,12.2,6.1,2.4,sun,4/9/90,#N/A,#N/A,12.2,#N/A,#N/A
4/10/13,9.4,15,8.9,6.4,rain,4/10/90,#N/A,15,#N/A,#N/A,#N/A
4/11/13,1.5,12.2,6.7,3.8,rain,4/11/90,#N/A,12.2,#N/A,#N/A,#N/A
4/12/13,9.7,7.8,4.4,4.6,rain,4/12/90,#N/A,7.8,#N/A,#N/A,#N/A
4/13/13,9.4,10.6,3.3,5.7,rain,4/13/90,#N/A,10.6,#N/A,#N/A,#N/A
4/14/13,5.8,12.8,4.4,2.3,rain,4/14/90,#N/A,12.8,#N/A,#N/A,#N/A
4/15/13,0,13.9,4.4,2.4,fog,4/15/90,#N/A,#N/A,#N/A,#N/A,13.9
4/16/13,0.3,13.9,3.3,2.6,rain,4/16/90,#N/A,13.9,#N/A,#N/A,#N/A
4/17/13,0,15,3.9,3.3,drizzle,4/17/90,15,#N/A,#N/A,#N/A,#N/A
4/18/13,5.3,11.7,6.7,4,rain,4/18/90,#N/A,11.7,#N/A,#N/A,#N/A
4/19/13,20.6,13.3,9.4,4.9,rain,4/19/90,#N/A,13.3,#N/A,#N/A,#N/A
4/20/13,0,13.9,8.3,5.8,sun,4/20/90,#N/A,#N/A,13.9,#N/A,#N/A
4/21/13,3.3,12.2,6.7,4.1,rain,4/21/90,#N/A,12.2,#N/A,#N/A,#N/A
4/22/13,0,16.1,5,4.3,sun,4/22/90,#N/A,#N/A,16.1,#N/A,#N/A
4/23/13,0,17.8,3.9,2.8,sun,4/23/90,#N/A,#N/A,17.8,#N/A,#N/A
4/24/13,0,21.1,6.1,3,sun,4/24/90,#N/A,#N/A,21.1,#N/A,#N/A
4/25/13,0,21.7,6.7,1.1,sun,4/25/90,#N/A,#N/A,21.7,#N/A,#N/A
4/26/13,0,20.6,8.3,2.2,fog,4/26/90,#N/A,#N/A,#N/A,#N/A,20.6
4/27/13,0,13.9,10.6,5.9,sun,4/27/90,#N/A,#N/A,13.9,#N/A,#N/A
4/28/13,1,15,9.4,5.2,rain,4/28/90,#N/A,15,#N/A,#N/A,#N/A
4/29/13,3.8,13.9,6.7,4.2,rain,4/29/90,#N/A,13.9,#N/A,#N/A,#N/A
4/30/13,0,12.8,4.4,2.4,sun,4/30/90,#N/A,#N/A,12.8,#N/A,#N/A
5/1/13,0,18.3,3.3,3.1,sun,5/1/90,#N/A,#N/A,18.3,#N/A,#N/A
5/2/13,0,20.6,6.7,4,sun,5/2/90,#N/A,#N/A,20.6,#N/A,#N/A
5/3/13,0,21.7,9.4,4.9,sun,5/3/90,#N/A,#N/A,21.7,#N/A,#N/A
5/4/13,0,25,11.1,6.5,sun,5/4/90,#N/A,#N/A,25,#N/A,#N/A
5/5/13,0,28.9,11.7,5.3,sun,5/5/90,#N/A,#N/A,28.9,#N/A,#N/A
5/6/13,0,30.6,12.2,2,sun,5/6/90,#N/A,#N/A,30.6,#N/A,#N/A
5/7/13,0,20.6,11.1,3.3,sun,5/7/90,#N/A,#N/A,20.6,#N/A,#N/A
5/8/13,0,19.4,11.1,1.9,sun,5/8/90,#N/A,#N/A,19.4,#N/A,#N/A
5/9/13,0,22.8,10,1.3,sun,5/9/90,#N/A,#N/A,22.8,#N/A,#N/A
5/10/13,0,26.1,9.4,1,sun,5/10/90,#N/A,#N/A,26.1,#N/A,#N/A
5/11/13,0,27.2,12.2,2.6,sun,5/11/90,#N/A,#N/A,27.2,#N/A,#N/A
5/12/13,6.6,21.7,13.9,3.9,rain,5/12/90,#N/A,21.7,#N/A,#N/A,#N/A
5/13/13,3.3,18.9,9.4,5,rain,5/13/90,#N/A,18.9,#N/A,#N/A,#N/A
5/14/13,0,18.3,7.8,2.4,sun,5/14/90,#N/A,#N/A,18.3,#N/A,#N/A
5/15/13,1,17.2,8.9,2.3,rain,5/15/90,#N/A,17.2,#N/A,#N/A,#N/A
5/16/13,0,21.7,12.2,2.7,fog,5/16/90,#N/A,#N/A,#N/A,#N/A,21.7
5/17/13,0.5,17.2,11.7,3.7,rain,5/17/90,#N/A,17.2,#N/A,#N/A,#N/A
5/18/13,0,16.7,11.1,2.9,sun,5/18/90,#N/A,#N/A,16.7,#N/A,#N/A
5/19/13,0,18.3,10.6,2.3,sun,5/19/90,#N/A,#N/A,18.3,#N/A,#N/A
5/20/13,0,19.4,9.4,1.8,sun,5/20/90,#N/A,#N/A,19.4,#N/A,#N/A
5/21/13,13.7,15.6,8.3,4.8,rain,5/21/90,#N/A,15.6,#N/A,#N/A,#N/A
5/22/13,13.7,11.1,7.2,3,rain,5/22/90,#N/A,11.1,#N/A,#N/A,#N/A
5/23/13,4.1,12.2,6.7,1.9,rain,5/23/90,#N/A,12.2,#N/A,#N/A,#N/A
5/24/13,0.3,16.7,8.9,2.7,rain,5/24/90,#N/A,16.7,#N/A,#N/A,#N/A
5/25/13,0,17.8,10,2.7,sun,5/25/90,#N/A,#N/A,17.8,#N/A,#N/A
5/26/13,1.5,18.3,10.6,2.2,rain,5/26/90,#N/A,18.3,#N/A,#N/A,#N/A
5/27/13,9.7,16.7,11.1,3.1,rain,5/27/90,#N/A,16.7,#N/A,#N/A,#N/A
5/28/13,0.5,17.2,11.7,2.8,rain,5/28/90,#N/A,17.2,#N/A,#N/A,#N/A
5/29/13,5.6,16.1,9.4,4,rain,5/29/90,#N/A,16.1,#N/A,#N/A,#N/A
5/30/13,0,16.7,9.4,5.3,sun,5/30/90,#N/A,#N/A,16.7,#N/A,#N/A
5/31/13,0,19.4,11.1,2.5,sun,5/31/90,#N/A,#N/A,19.4,#N/A,#N/A
6/1/13,0,22.8,12.2,2.5,sun,6/1/90,#N/A,#N/A,22.8,#N/A,#N/A
6/2/13,1,20.6,12.2,3.1,rain,6/2/90,#N/A,20.6,#N/A,#N/A,#N/A
6/3/13,0,22.2,11.1,2.9,sun,6/3/90,#N/A,#N/A,22.2,#N/A,#N/A
6/4/13,0,26.1,12.2,3.4,sun,6/4/90,#N/A,#N/A,26.1,#N/A,#N/A
6/5/13,0,26.7,14.4,3.1,sun,6/5/90,#N/A,#N/A,26.7,#N/A,#N/A
6/6/13,0,26.7,12.2,2.5,sun,6/6/90,#N/A,#N/A,26.7,#N/A,#N/A
6/7/13,0,21.7,13.3,3.2,sun,6/7/90,#N/A,#N/A,21.7,#N/A,#N/A
6/8/13,0,20.6,12.8,3.1,sun,6/8/90,#N/A,#N/A,20.6,#N/A,#N/A
6/9/13,0,20.6,11.1,3.7,sun,6/9/90,#N/A,#N/A,20.6,#N/A,#N/A
6/10/13,0,21.7,11.7,3.2,sun,6/10/90,#N/A,#N/A,21.7,#N/A,#N/A
6/11/13,0,20,10,5.7,sun,6/11/90,#N/A,#N/A,20,#N/A,#N/A
6/12/13,0.3,20.6,11.7,4.2,rain,6/12/90,#N/A,20.6,#N/A,#N/A,#N/A
6/13/13,0,21.1,11.7,2.6,sun,6/13/90,#N/A,#N/A,21.1,#N/A,#N/A
6/14/13,0,20,12.2,3.7,sun,6/14/90,#N/A,#N/A,20,#N/A,#N/A
6/15/13,0,25.6,10,2.9,sun,6/15/90,#N/A,#N/A,25.6,#N/A,#N/A
6/16/13,0,23.9,12.8,3.4,sun,6/16/90,#N/A,#N/A,23.9,#N/A,#N/A
6/17/13,0,25.6,13.9,3,sun,6/17/90,#N/A,#N/A,25.6,#N/A,#N/A
6/18/13,0.3,23.3,13.3,3.4,rain,6/18/90,#N/A,23.3,#N/A,#N/A,#N/A
6/19/13,0,20,12.8,3.7,sun,6/19/90,#N/A,#N/A,20,#N/A,#N/A
6/20/13,3,17.2,12.8,5,rain,6/20/90,#N/A,17.2,#N/A,#N/A,#N/A
6/21/13,0.3,20.6,12.2,1.5,rain,6/21/90,#N/A,20.6,#N/A,#N/A,#N/A
6/22/13,0,25.6,11.7,1.7,sun,6/22/90,#N/A,#N/A,25.6,#N/A,#N/A
6/23/13,7.9,22.2,15,2.1,rain,6/23/90,#N/A,22.2,#N/A,#N/A,#N/A
6/24/13,4.8,21.1,13.9,3.7,rain,6/24/90,#N/A,21.1,#N/A,#N/A,#N/A
6/25/13,9.9,23.3,14.4,2.8,rain,6/25/90,#N/A,23.3,#N/A,#N/A,#N/A
6/26/13,2,22.2,15,2.3,rain,6/26/90,#N/A,22.2,#N/A,#N/A,#N/A
6/27/13,3.6,21.1,16.7,1.3,rain,6/27/90,#N/A,21.1,#N/A,#N/A,#N/A
6/28/13,0,30.6,16.1,2.2,sun,6/28/90,#N/A,#N/A,30.6,#N/A,#N/A
6/29/13,0,30,18.3,1.7,sun,6/29/90,#N/A,#N/A,30,#N/A,#N/A
6/30/13,0,33.9,17.2,2.5,sun,6/30/90,#N/A,#N/A,33.9,#N/A,#N/A
7/1/13,0,31.7,18.3,2.3,sun,7/1/90,#N/A,#N/A,31.7,#N/A,#N/A
7/2/13,0,28.3,15.6,3,sun,7/2/90,#N/A,#N/A,28.3,#N/A,#N/A
7/3/13,0,26.1,16.7,3.2,sun,7/3/90,#N/A,#N/A,26.1,#N/A,#N/A
7/4/13,0,21.7,13.9,2.2,fog,7/4/90,#N/A,#N/A,#N/A,#N/A,21.7
7/5/13,0,23.3,13.9,2.6,sun,7/5/90,#N/A,#N/A,23.3,#N/A,#N/A
7/6/13,0,26.1,13.3,2.2,sun,7/6/90,#N/A,#N/A,26.1,#N/A,#N/A
7/7/13,0,23.9,13.9,2.9,sun,7/7/90,#N/A,#N/A,23.9,#N/A,#N/A
7/8/13,0,26.7,13.3,2.8,sun,7/8/90,#N/A,#N/A,26.7,#N/A,#N/A
7/9/13,0,30,15,2.5,sun,7/9/90,#N/A,#N/A,30,#N/A,#N/A
7/10/13,0,22.2,13.9,2.6,sun,7/10/90,#N/A,#N/A,22.2,#N/A,#N/A
7/11/13,0,22.8,12.2,3,sun,7/11/90,#N/A,#N/A,22.8,#N/A,#N/A
7/12/13,0,19.4,13.3,2.2,sun,7/12/90,#N/A,#N/A,19.4,#N/A,#N/A
7/13/13,0,26.1,11.1,3.1,sun,7/13/90,#N/A,#N/A,26.1,#N/A,#N/A
7/14/13,0,27.8,12.8,3,sun,7/14/90,#N/A,#N/A,27.8,#N/A,#N/A
7/15/13,0,27.8,14.4,4.6,sun,7/15/90,#N/A,#N/A,27.8,#N/A,#N/A
7/16/13,0,31.1,18.3,4.1,sun,7/16/90,#N/A,#N/A,31.1,#N/A,#N/A
7/17/13,0,22.2,15,3.7,sun,7/17/90,#N/A,#N/A,22.2,#N/A,#N/A
7/18/13,0,26.1,13.9,2,sun,7/18/90,#N/A,#N/A,26.1,#N/A,#N/A
7/19/13,0,27.8,13.3,1.9,sun,7/19/90,#N/A,#N/A,27.8,#N/A,#N/A
7/20/13,0,25,13.3,2,sun,7/20/90,#N/A,#N/A,25,#N/A,#N/A
7/21/13,0,23.9,12.8,2.3,sun,7/21/90,#N/A,#N/A,23.9,#N/A,#N/A
7/22/13,0,26.1,13.3,2.4,fog,7/22/90,#N/A,#N/A,#N/A,#N/A,26.1
7/23/13,0,31.1,13.9,3,sun,7/23/90,#N/A,#N/A,31.1,#N/A,#N/A
7/24/13,0,31.1,14.4,2.5,sun,7/24/90,#N/A,#N/A,31.1,#N/A,#N/A
7/25/13,0,31.1,12.8,2.3,sun,7/25/90,#N/A,#N/A,31.1,#N/A,#N/A
7/26/13,0,31.1,14.4,2.9,sun,7/26/90,#N/A,#N/A,31.1,#N/A,#N/A
7/27/13,0,25.6,12.8,2.6,sun,7/27/90,#N/A,#N/A,25.6,#N/A,#N/A
7/28/13,0,21.1,12.2,3.4,fog,7/28/90,#N/A,#N/A,#N/A,#N/A,21.1
7/29/13,0,25,13.3,1.4,sun,7/29/90,#N/A,#N/A,25,#N/A,#N/A
7/30/13,0,25,13.3,2.8,sun,7/30/90,#N/A,#N/A,25,#N/A,#N/A
7/31/13,0,21.7,13.3,1.8,sun,7/31/90,#N/A,#N/A,21.7,#N/A,#N/A
8/1/13,0,20.6,13.3,3.9,sun,8/1/90,#N/A,#N/A,20.6,#N/A,#N/A
8/2/13,2,17.2,15,2,rain,8/2/90,#N/A,17.2,#N/A,#N/A,#N/A
8/3/13,0,25,15.6,2.4,fog,8/3/90,#N/A,#N/A,#N/A,#N/A,25
8/4/13,0,28.9,15,3.4,sun,8/4/90,#N/A,#N/A,28.9,#N/A,#N/A
8/5/13,0,30,15,2.1,sun,8/5/90,#N/A,#N/A,30,#N/A,#N/A
8/6/13,0,30.6,13.9,1.4,sun,8/6/90,#N/A,#N/A,30.6,#N/A,#N/A
8/7/13,0,31.1,13.9,1.9,sun,8/7/90,#N/A,#N/A,31.1,#N/A,#N/A
8/8/13,0,28.3,14.4,2.5,sun,8/8/90,#N/A,#N/A,28.3,#N/A,#N/A
8/9/13,0,28.3,14.4,2.1,sun,8/9/90,#N/A,#N/A,28.3,#N/A,#N/A
8/10/13,2.3,25.6,15,2.9,rain,8/10/90,#N/A,25.6,#N/A,#N/A,#N/A
8/11/13,0,25,14.4,2.9,sun,8/11/90,#N/A,#N/A,25,#N/A,#N/A
8/12/13,0,25.6,16.1,1.9,sun,8/12/90,#N/A,#N/A,25.6,#N/A,#N/A
8/13/13,0,27.8,15,1.8,sun,8/13/90,#N/A,#N/A,27.8,#N/A,#N/A
8/14/13,0.8,27.2,15,2,rain,8/14/90,#N/A,27.2,#N/A,#N/A,#N/A
8/15/13,1.8,21.1,17.2,1,rain,8/15/90,#N/A,21.1,#N/A,#N/A,#N/A
8/16/13,0,28.9,16.1,2.2,fog,8/16/90,#N/A,#N/A,#N/A,#N/A,28.9
8/17/13,0,25.6,17.2,3,sun,8/17/90,#N/A,#N/A,25.6,#N/A,#N/A
8/18/13,0,26.1,15.6,3.1,sun,8/18/90,#N/A,#N/A,26.1,#N/A,#N/A
8/19/13,0,26.7,15.6,3,sun,8/19/90,#N/A,#N/A,26.7,#N/A,#N/A
8/20/13,0,25.6,16.1,4.6,sun,8/20/90,#N/A,#N/A,25.6,#N/A,#N/A
8/21/13,0,27.8,15,4.3,sun,8/21/90,#N/A,#N/A,27.8,#N/A,#N/A
8/22/13,0,28.9,15,1.9,sun,8/22/90,#N/A,#N/A,28.9,#N/A,#N/A
8/23/13,0,25,16.1,4.1,sun,8/23/90,#N/A,#N/A,25,#N/A,#N/A
8/24/13,0,25,16.7,2.7,sun,8/24/90,#N/A,#N/A,25,#N/A,#N/A
8/25/13,0.3,22.2,16.1,2.6,rain,8/25/90,#N/A,22.2,#N/A,#N/A,#N/A
8/26/13,1,24.4,16.1,1.9,rain,8/26/90,#N/A,24.4,#N/A,#N/A,#N/A
8/27/13,1.3,26.7,17.2,1.4,rain,8/27/90,#N/A,26.7,#N/A,#N/A,#N/A
8/28/13,5.6,26.7,15.6,1.3,rain,8/28/90,#N/A,26.7,#N/A,#N/A,#N/A
8/29/13,19.3,23.9,18.3,3,rain,8/29/90,#N/A,23.9,#N/A,#N/A,#N/A
8/30/13,0,26.1,16.1,2.9,sun,8/30/90,#N/A,#N/A,26.1,#N/A,#N/A
8/31/13,0,27.8,13.9,2.6,sun,8/31/90,#N/A,#N/A,27.8,#N/A,#N/A
9/1/13,0,27.8,15.6,2.5,sun,9/1/90,#N/A,#N/A,27.8,#N/A,#N/A
9/2/13,0,27.8,17.2,2.1,sun,9/2/90,#N/A,#N/A,27.8,#N/A,#N/A
9/3/13,2.3,25,16.7,1.7,rain,9/3/90,#N/A,25,#N/A,#N/A,#N/A
9/4/13,0.3,22.8,16.1,2.4,rain,9/4/90,#N/A,22.8,#N/A,#N/A,#N/A
9/5/13,27.7,20,15.6,2.5,rain,9/5/90,#N/A,20,#N/A,#N/A,#N/A
9/6/13,21.3,21.7,16.1,2.6,rain,9/6/90,#N/A,21.7,#N/A,#N/A,#N/A
9/7/13,0,23.3,17.2,2,sun,9/7/90,#N/A,#N/A,23.3,#N/A,#N/A
9/8/13,0,26.7,14.4,1.5,fog,9/8/90,#N/A,#N/A,#N/A,#N/A,26.7
9/9/13,0,26.1,13.9,2.1,sun,9/9/90,#N/A,#N/A,26.1,#N/A,#N/A
9/10/13,0,26.7,15,3.7,sun,9/10/90,#N/A,#N/A,26.7,#N/A,#N/A
9/11/13,0,33.9,16.1,2.4,sun,9/11/90,#N/A,#N/A,33.9,#N/A,#N/A
9/12/13,0,25.6,15,1.7,sun,9/12/90,#N/A,#N/A,25.6,#N/A,#N/A
9/13/13,0,18.9,15.6,2,sun,9/13/90,#N/A,#N/A,18.9,#N/A,#N/A
9/14/13,0,21.7,15.6,1.4,fog,9/14/90,#N/A,#N/A,#N/A,#N/A,21.7
9/15/13,3.3,18.9,14.4,2.2,rain,9/15/90,#N/A,18.9,#N/A,#N/A,#N/A
9/16/13,0.3,21.7,15,4.3,rain,9/16/90,#N/A,21.7,#N/A,#N/A,#N/A
9/17/13,0,17.8,13.9,2.3,sun,9/17/90,#N/A,#N/A,17.8,#N/A,#N/A
9/18/13,0,21.1,13.3,2.5,sun,9/18/90,#N/A,#N/A,21.1,#N/A,#N/A
9/19/13,0,25.6,10,1.5,sun,9/19/90,#N/A,#N/A,25.6,#N/A,#N/A
9/20/13,3.6,23.3,13.3,3,rain,9/20/90,#N/A,23.3,#N/A,#N/A,#N/A
9/21/13,0,21.1,13.3,2.5,sun,9/21/90,#N/A,#N/A,21.1,#N/A,#N/A
9/22/13,13.5,17.2,13.3,5.5,rain,9/22/90,#N/A,17.2,#N/A,#N/A,#N/A
9/23/13,2.8,16.1,11.1,4.5,rain,9/23/90,#N/A,16.1,#N/A,#N/A,#N/A
9/24/13,0,17.8,10,2.6,sun,9/24/90,#N/A,#N/A,17.8,#N/A,#N/A
9/25/13,2,16.1,9.4,3,rain,9/25/90,#N/A,16.1,#N/A,#N/A,#N/A
9/26/13,0,17.2,7.2,2.2,sun,9/26/90,#N/A,#N/A,17.2,#N/A,#N/A
9/27/13,1,13.9,10.6,4.3,rain,9/27/90,#N/A,13.9,#N/A,#N/A,#N/A
9/28/13,43.4,16.7,11.7,6,rain,9/28/90,#N/A,16.7,#N/A,#N/A,#N/A
9/29/13,16.8,14.4,11.1,7.1,rain,9/29/90,#N/A,14.4,#N/A,#N/A,#N/A
9/30/13,18.5,13.9,10,6.3,rain,9/30/90,#N/A,13.9,#N/A,#N/A,#N/A
10/1/13,7.9,14.4,8.9,4.7,rain,10/1/90,#N/A,14.4,#N/A,#N/A,#N/A
10/2/13,5.3,12.8,9.4,2.4,rain,10/2/90,#N/A,12.8,#N/A,#N/A,#N/A
10/3/13,0.8,14.4,8.9,0.9,rain,10/3/90,#N/A,14.4,#N/A,#N/A,#N/A
10/4/13,0,17.8,5.6,1.1,sun,10/4/90,#N/A,#N/A,17.8,#N/A,#N/A
10/5/13,0,20,8.3,1.6,sun,10/5/90,#N/A,#N/A,20,#N/A,#N/A
10/6/13,4.1,22.8,7.8,2.6,rain,10/6/90,#N/A,22.8,#N/A,#N/A,#N/A
10/7/13,0.5,16.1,11.7,6.3,rain,10/7/90,#N/A,16.1,#N/A,#N/A,#N/A
10/8/13,6.9,13.9,7.8,3,rain,10/8/90,#N/A,13.9,#N/A,#N/A,#N/A
10/9/13,0,15,5.6,1.6,sun,10/9/90,#N/A,#N/A,15,#N/A,#N/A
10/10/13,1,14.4,8.3,1.7,rain,10/10/90,#N/A,14.4,#N/A,#N/A,#N/A
10/11/13,9.1,13.9,10.6,1,rain,10/11/90,#N/A,13.9,#N/A,#N/A,#N/A
10/12/13,1,14.4,8.9,2.2,rain,10/12/90,#N/A,14.4,#N/A,#N/A,#N/A
10/13/13,0,15,6.7,1.8,fog,10/13/90,#N/A,#N/A,#N/A,#N/A,15
10/14/13,0,15.6,3.9,1.6,sun,10/14/90,#N/A,#N/A,15.6,#N/A,#N/A
10/15/13,0,15.6,5,0.9,sun,10/15/90,#N/A,#N/A,15.6,#N/A,#N/A
10/16/13,0,12.8,8.9,2.7,fog,10/16/90,#N/A,#N/A,#N/A,#N/A,12.8
10/17/13,0,14.4,8.9,1.7,fog,10/17/90,#N/A,#N/A,#N/A,#N/A,14.4
10/18/13,0,12.8,7.2,1.2,sun,10/18/90,#N/A,#N/A,12.8,#N/A,#N/A
10/19/13,0,10.6,7.8,1.4,sun,10/19/90,#N/A,#N/A,10.6,#N/A,#N/A
10/20/13,0,10.6,7.8,2.4,sun,10/20/90,#N/A,#N/A,10.6,#N/A,#N/A
10/21/13,0,11.7,8.3,2.5,sun,10/21/90,#N/A,#N/A,11.7,#N/A,#N/A
10/22/13,0,14.4,7.2,1.9,sun,10/22/90,#N/A,#N/A,14.4,#N/A,#N/A
10/23/13,0,12.8,6.1,0.4,sun,10/23/90,#N/A,#N/A,12.8,#N/A,#N/A
10/24/13,0,10,6.1,0.6,sun,10/24/90,#N/A,#N/A,10,#N/A,#N/A
10/25/13,0,12.2,7.8,1.8,sun,10/25/90,#N/A,#N/A,12.2,#N/A,#N/A
10/26/13,0,11.7,8.3,2.7,sun,10/26/90,#N/A,#N/A,11.7,#N/A,#N/A
10/27/13,1.8,13.9,8.3,4.4,rain,10/27/90,#N/A,13.9,#N/A,#N/A,#N/A
10/28/13,0,14.4,7.2,5.1,sun,10/28/90,#N/A,#N/A,14.4,#N/A,#N/A
10/29/13,0,13.3,3.3,2.2,sun,10/29/90,#N/A,#N/A,13.3,#N/A,#N/A
10/30/13,0.5,15,5.6,3.9,rain,10/30/90,#N/A,15,#N/A,#N/A,#N/A
10/31/13,0.3,14.4,10.6,2.2,rain,10/31/90,#N/A,14.4,#N/A,#N/A,#N/A
11/1/13,1.3,17.8,11.7,1.4,rain,11/1/90,#N/A,17.8,#N/A,#N/A,#N/A
11/2/13,12.7,14.4,8.3,7.9,rain,11/2/90,#N/A,14.4,#N/A,#N/A,#N/A
11/3/13,0.5,12.2,4.4,2.4,rain,11/3/90,#N/A,12.2,#N/A,#N/A,#N/A
11/4/13,0,10.6,3.9,1.6,drizzle,11/4/90,10.6,#N/A,#N/A,#N/A,#N/A
11/5/13,2.5,13.3,7.2,3.1,rain,11/5/90,#N/A,13.3,#N/A,#N/A,#N/A
11/6/13,3.8,12.8,7.8,1.7,rain,11/6/90,#N/A,12.8,#N/A,#N/A,#N/A
11/7/13,30,11.1,10,7.2,rain,11/7/90,#N/A,11.1,#N/A,#N/A,#N/A
11/8/13,0,13.3,7.2,4.1,sun,11/8/90,#N/A,#N/A,13.3,#N/A,#N/A
11/9/13,1.8,11.1,5,1.4,rain,11/9/90,#N/A,11.1,#N/A,#N/A,#N/A
11/10/13,0,11.1,8.3,4.4,sun,11/10/90,#N/A,#N/A,11.1,#N/A,#N/A
11/11/13,0,16.1,6.1,2.6,fog,11/11/90,#N/A,#N/A,#N/A,#N/A,16.1
11/12/13,4.1,15.6,8.9,2.2,rain,11/12/90,#N/A,15.6,#N/A,#N/A,#N/A
11/13/13,0,13.9,10.6,3.8,sun,11/13/90,#N/A,#N/A,13.9,#N/A,#N/A
11/14/13,1.3,11.1,6.1,1.1,rain,11/14/90,#N/A,11.1,#N/A,#N/A,#N/A
11/15/13,3,10.6,7.2,6,rain,11/15/90,#N/A,10.6,#N/A,#N/A,#N/A
11/16/13,0,10,5,4.6,sun,11/16/90,#N/A,#N/A,10,#N/A,#N/A
11/17/13,5.3,11.7,7.2,5.4,rain,11/17/90,#N/A,11.7,#N/A,#N/A,#N/A
11/18/13,26.2,12.8,9.4,3.9,rain,11/18/90,#N/A,12.8,#N/A,#N/A,#N/A
11/19/13,1,13.3,4.4,5.1,rain,11/19/90,#N/A,13.3,#N/A,#N/A,#N/A
11/20/13,0,7.8,1.7,4.3,sun,11/20/90,#N/A,#N/A,7.8,#N/A,#N/A
11/21/13,0,7.8,-0.5,3.6,sun,11/21/90,#N/A,#N/A,7.8,#N/A,#N/A
11/22/13,0,9.4,0,4.6,sun,11/22/90,#N/A,#N/A,9.4,#N/A,#N/A
11/23/13,0,11.1,1.1,2.6,sun,11/23/90,#N/A,#N/A,11.1,#N/A,#N/A
11/24/13,0,11.7,0.6,0.9,fog,11/24/90,#N/A,#N/A,#N/A,#N/A,11.7
11/25/13,0,12.2,2.2,0.5,sun,11/25/90,#N/A,#N/A,12.2,#N/A,#N/A
11/26/13,0,12.2,2.8,1,sun,11/26/90,#N/A,#N/A,12.2,#N/A,#N/A
11/27/13,0,14.4,5.6,1.3,sun,11/27/90,#N/A,#N/A,14.4,#N/A,#N/A
11/28/13,0,11.7,3.3,0.7,sun,11/28/90,#N/A,#N/A,11.7,#N/A,#N/A
11/29/13,0.5,9.4,5,2.1,rain,11/29/90,#N/A,9.4,#N/A,#N/A,#N/A
11/30/13,2.3,11.1,7.2,3.9,rain,11/30/90,#N/A,11.1,#N/A,#N/A,#N/A
12/1/13,3,13.3,7.8,8.8,rain,12/1/90,#N/A,13.3,#N/A,#N/A,#N/A
12/2/13,4.6,7.8,1.7,3.5,rain,12/2/90,#N/A,7.8,#N/A,#N/A,#N/A
12/3/13,0,5,-0.5,5.6,sun,12/3/90,#N/A,#N/A,5,#N/A,#N/A
12/4/13,0,4.4,-2.1,1.6,sun,12/4/90,#N/A,#N/A,4.4,#N/A,#N/A
12/5/13,0,1.1,-4.9,2.6,sun,12/5/90,#N/A,#N/A,1.1,#N/A,#N/A
12/6/13,0,1.1,-4.3,4.7,sun,12/6/90,#N/A,#N/A,1.1,#N/A,#N/A
12/7/13,0,0,-7.1,3.1,sun,12/7/90,#N/A,#N/A,0,#N/A,#N/A
12/8/13,0,2.2,-6.6,2.2,sun,12/8/90,#N/A,#N/A,2.2,#N/A,#N/A
12/9/13,0,1.1,-4.9,1.3,sun,12/9/90,#N/A,#N/A,1.1,#N/A,#N/A
12/10/13,0,5.6,0.6,1.5,sun,12/10/90,#N/A,#N/A,5.6,#N/A,#N/A
12/11/13,0,5,-1.6,0.8,sun,12/11/90,#N/A,#N/A,5,#N/A,#N/A
12/12/13,6.9,5.6,-0.5,2.3,rain,12/12/90,#N/A,5.6,#N/A,#N/A,#N/A
12/13/13,0.5,9.4,5.6,2.9,rain,12/13/90,#N/A,9.4,#N/A,#N/A,#N/A
12/14/13,0,9.4,6.1,3.7,sun,12/14/90,#N/A,#N/A,9.4,#N/A,#N/A
12/15/13,1.3,11.7,8.3,3.9,rain,12/15/90,#N/A,11.7,#N/A,#N/A,#N/A
12/16/13,0.3,10,4.4,1,rain,12/16/90,#N/A,10,#N/A,#N/A,#N/A
12/17/13,0,8.3,4.4,2.7,sun,12/17/90,#N/A,#N/A,8.3,#N/A,#N/A
12/18/13,1.3,7.8,2.2,2.8,rain,12/18/90,#N/A,7.8,#N/A,#N/A,#N/A
12/19/13,0,5,0,2.1,sun,12/19/90,#N/A,#N/A,5,#N/A,#N/A
12/20/13,5.6,8.3,0.6,3.7,snow,12/20/90,#N/A,#N/A,#N/A,8.3,#N/A
12/21/13,5.6,8.9,5.6,2.3,rain,12/21/90,#N/A,8.9,#N/A,#N/A,#N/A
12/22/13,10.7,10.6,8.3,4,rain,12/22/90,#N/A,10.6,#N/A,#N/A,#N/A
12/23/13,1.5,11.7,6.1,5.9,rain,12/23/90,#N/A,11.7,#N/A,#N/A,#N/A
12/24/13,0,8.3,2.8,1.7,sun,12/24/90,#N/A,#N/A,8.3,#N/A,#N/A
12/25/13,0,6.7,1.7,0.8,sun,12/25/90,#N/A,#N/A,6.7,#N/A,#N/A
12/26/13,0,6.7,0.6,0.5,sun,12/26/90,#N/A,#N/A,6.7,#N/A,#N/A
12/27/13,0.3,8.9,0,2.1,rain,12/27/90,#N/A,8.9,#N/A,#N/A,#N/A
12/28/13,0,9.4,3.3,1.3,sun,12/28/90,#N/A,#N/A,9.4,#N/A,#N/A
12/29/13,0,7.2,1.7,1.1,sun,12/29/90,#N/A,#N/A,7.2,#N/A,#N/A
12/30/13,0.3,8.9,4.4,2.6,rain,12/30/90,#N/A,8.9,#N/A,#N/A,#N/A
12/31/13,0.5,8.3,5,1.7,rain,12/31/90,#N/A,8.3,#N/A,#N/A,#N/A
1/1/14,0,7.2,3.3,1.2,sun,1/1/90,#N/A,#N/A,7.2,#N/A,#N/A
1/2/14,4.1,10.6,6.1,3.2,rain,1/2/90,#N/A,10.6,#N/A,#N/A,#N/A
1/3/14,1.5,8.9,2.8,2.6,rain,1/3/90,#N/A,8.9,#N/A,#N/A,#N/A
1/4/14,0,7.8,0.6,2.7,fog,1/4/90,#N/A,#N/A,#N/A,#N/A,7.8
1/5/14,0,8.3,-0.5,3.7,sun,1/5/90,#N/A,#N/A,8.3,#N/A,#N/A
1/6/14,0.3,7.8,-0.5,2.6,rain,1/6/90,#N/A,7.8,#N/A,#N/A,#N/A
1/7/14,12.2,8.3,5,1.6,rain,1/7/90,#N/A,8.3,#N/A,#N/A,#N/A
1/8/14,9.7,10,7.2,4.6,rain,1/8/90,#N/A,10,#N/A,#N/A,#N/A
1/9/14,5.8,9.4,5.6,6.3,rain,1/9/90,#N/A,9.4,#N/A,#N/A,#N/A
1/10/14,4.3,12.8,8.3,7,rain,1/10/90,#N/A,12.8,#N/A,#N/A,#N/A
1/11/14,21.3,14.4,7.2,8.8,rain,1/11/90,#N/A,14.4,#N/A,#N/A,#N/A
1/12/14,1.5,11.1,5.6,8.1,rain,1/12/90,#N/A,11.1,#N/A,#N/A,#N/A
1/13/14,0,10.6,10,7.1,sun,1/13/90,#N/A,#N/A,10.6,#N/A,#N/A
1/14/14,0,11.1,7.2,1.3,sun,1/14/90,#N/A,#N/A,11.1,#N/A,#N/A
1/15/14,0,11.1,5.6,2.5,sun,1/15/90,#N/A,#N/A,11.1,#N/A,#N/A
1/16/14,0,6.7,4.4,2.7,sun,1/16/90,#N/A,#N/A,6.7,#N/A,#N/A
1/17/14,0,5.6,2.8,2.3,sun,1/17/90,#N/A,#N/A,5.6,#N/A,#N/A
1/18/14,0,9.4,0.6,2.2,sun,1/18/90,#N/A,#N/A,9.4,#N/A,#N/A
1/19/14,0,6.1,3.3,2.5,sun,1/19/90,#N/A,#N/A,6.1,#N/A,#N/A
1/20/14,0,10,2.8,2.2,sun,1/20/90,#N/A,#N/A,10,#N/A,#N/A
1/21/14,0,10,1.7,1.5,sun,1/21/90,#N/A,#N/A,10,#N/A,#N/A
1/22/14,0.5,9.4,5.6,2.6,rain,1/22/90,#N/A,9.4,#N/A,#N/A,#N/A
1/23/14,0,10,2.8,5.2,fog,1/23/90,#N/A,#N/A,#N/A,#N/A,10
1/24/14,0,12.8,1.1,1.9,sun,1/24/90,#N/A,#N/A,12.8,#N/A,#N/A
1/25/14,0,12.2,1.1,0.8,sun,1/25/90,#N/A,#N/A,12.2,#N/A,#N/A
1/26/14,0,8.3,0.6,1.3,sun,1/26/90,#N/A,#N/A,8.3,#N/A,#N/A
1/27/14,0,9.4,1.7,1.3,sun,1/27/90,#N/A,#N/A,9.4,#N/A,#N/A
1/28/14,8.9,11.1,6.1,1.6,rain,1/28/90,#N/A,11.1,#N/A,#N/A,#N/A
1/29/14,21.6,11.1,7.2,3.4,rain,1/29/90,#N/A,11.1,#N/A,#N/A,#N/A
1/30/14,0,8.3,6.1,6.4,sun,1/30/90,#N/A,#N/A,8.3,#N/A,#N/A
1/31/14,2.3,7.8,5.6,2.6,rain,1/31/90,#N/A,7.8,#N/A,#N/A,#N/A
2/1/14,2,7.8,2.8,0.8,rain,2/1/90,#N/A,7.8,#N/A,#N/A,#N/A
2/2/14,0,8.9,1.1,2.5,sun,2/2/90,#N/A,#N/A,8.9,#N/A,#N/A
2/3/14,0,5,0,4.3,sun,2/3/90,#N/A,#N/A,5,#N/A,#N/A
2/4/14,0,2.8,-2.1,4.7,sun,2/4/90,#N/A,#N/A,2.8,#N/A,#N/A
2/5/14,0,-0.5,-5.5,6.6,sun,2/5/90,#N/A,#N/A,-0.5,#N/A,#N/A
2/6/14,0,-1.6,-6,4.5,sun,2/6/90,#N/A,#N/A,-1.6,#N/A,#N/A
2/7/14,0,3.3,-4.9,4.2,sun,2/7/90,#N/A,#N/A,3.3,#N/A,#N/A
2/8/14,5.1,5.6,-0.5,4.6,snow,2/8/90,#N/A,#N/A,#N/A,5.6,#N/A
2/9/14,0.5,3.9,0,2.4,rain,2/9/90,#N/A,3.9,#N/A,#N/A,#N/A
2/10/14,18.3,10,2.2,4.7,rain,2/10/90,#N/A,10,#N/A,#N/A,#N/A
2/11/14,17,12.2,5.6,3.8,rain,2/11/90,#N/A,12.2,#N/A,#N/A,#N/A
2/12/14,4.6,12.2,7.2,6.4,rain,2/12/90,#N/A,12.2,#N/A,#N/A,#N/A
2/13/14,1.8,12.8,7.8,6.3,rain,2/13/90,#N/A,12.8,#N/A,#N/A,#N/A
2/14/14,9.4,11.7,6.1,6.4,rain,2/14/90,#N/A,11.7,#N/A,#N/A,#N/A
2/15/14,11.7,11.1,5,5.1,rain,2/15/90,#N/A,11.1,#N/A,#N/A,#N/A
2/16/14,26.4,9.4,3.9,7.9,rain,2/16/90,#N/A,9.4,#N/A,#N/A,#N/A
2/17/14,14.5,8.3,4.4,5.5,rain,2/17/90,#N/A,8.3,#N/A,#N/A,#N/A
2/18/14,15.2,8.9,5,6.2,rain,2/18/90,#N/A,8.9,#N/A,#N/A,#N/A
2/19/14,1,8.3,3.9,6,rain,2/19/90,#N/A,8.3,#N/A,#N/A,#N/A
2/20/14,3,10,5.6,6.9,rain,2/20/90,#N/A,10,#N/A,#N/A,#N/A
2/21/14,2.8,6.7,3.9,2.9,rain,2/21/90,#N/A,6.7,#N/A,#N/A,#N/A
2/22/14,2.5,5.6,2.8,3.1,rain,2/22/90,#N/A,5.6,#N/A,#N/A,#N/A
2/23/14,6.1,7.2,3.9,2.6,rain,2/23/90,#N/A,7.2,#N/A,#N/A,#N/A
2/24/14,13,6.7,3.3,3.2,rain,2/24/90,#N/A,6.7,#N/A,#N/A,#N/A
2/25/14,0.3,12.2,3.9,4.5,rain,2/25/90,#N/A,12.2,#N/A,#N/A,#N/A
2/26/14,0,13.9,5.6,2.5,sun,2/26/90,#N/A,#N/A,13.9,#N/A,#N/A
2/27/14,0,12.8,4.4,2.3,sun,2/27/90,#N/A,#N/A,12.8,#N/A,#N/A
2/28/14,0,14.4,4.4,5.9,sun,2/28/90,#N/A,#N/A,14.4,#N/A,#N/A
3/1/14,0.5,7.2,4.4,4.7,rain,3/1/90,#N/A,7.2,#N/A,#N/A,#N/A
3/2/14,19.1,11.1,2.8,5.7,rain,3/2/90,#N/A,11.1,#N/A,#N/A,#N/A
3/3/14,10.7,14.4,8.9,5.1,rain,3/3/90,#N/A,14.4,#N/A,#N/A,#N/A
3/4/14,16.5,13.9,7.8,3.9,rain,3/4/90,#N/A,13.9,#N/A,#N/A,#N/A
3/5/14,46.7,15.6,10.6,3.9,rain,3/5/90,#N/A,15.6,#N/A,#N/A,#N/A
3/6/14,3,13.3,10,6.2,rain,3/6/90,#N/A,13.3,#N/A,#N/A,#N/A
3/7/14,0,15.6,8.9,4.2,sun,3/7/90,#N/A,#N/A,15.6,#N/A,#N/A
3/8/14,32.3,12.8,6.7,2.7,rain,3/8/90,#N/A,12.8,#N/A,#N/A,#N/A
3/9/14,4.3,15,9.4,4.3,rain,3/9/90,#N/A,15,#N/A,#N/A,#N/A
3/10/14,18.8,12.2,6.1,2.2,rain,3/10/90,#N/A,12.2,#N/A,#N/A,#N/A
3/11/14,0,14.4,4.4,2.3,fog,3/11/90,#N/A,#N/A,#N/A,#N/A,14.4
3/12/14,0,16.1,3.3,1.9,fog,3/12/90,#N/A,#N/A,#N/A,#N/A,16.1
3/13/14,0.5,13.9,5,2.5,rain,3/13/90,#N/A,13.9,#N/A,#N/A,#N/A
3/14/14,6.9,14.4,8.3,6.1,rain,3/14/90,#N/A,14.4,#N/A,#N/A,#N/A
3/15/14,8.1,16.7,4.4,3,rain,3/15/90,#N/A,16.7,#N/A,#N/A,#N/A
3/16/14,27.7,10.6,4.4,3.8,rain,3/16/90,#N/A,10.6,#N/A,#N/A,#N/A
3/17/14,0.3,10,2.8,3.2,rain,3/17/90,#N/A,10,#N/A,#N/A,#N/A
3/18/14,0,10,3.3,1.6,sun,3/18/90,#N/A,#N/A,10,#N/A,#N/A
3/19/14,0.5,11.1,3.3,5.1,rain,3/19/90,#N/A,11.1,#N/A,#N/A,#N/A
3/20/14,0,11.1,1.7,3,sun,3/20/90,#N/A,#N/A,11.1,#N/A,#N/A
3/21/14,0,10.6,2.8,3.8,sun,3/21/90,#N/A,#N/A,10.6,#N/A,#N/A
3/22/14,0,11.1,1.1,1.8,sun,3/22/90,#N/A,#N/A,11.1,#N/A,#N/A
3/23/14,0,12.8,4.4,3.3,sun,3/23/90,#N/A,#N/A,12.8,#N/A,#N/A
3/24/14,0,18.9,2.8,2.2,sun,3/24/90,#N/A,#N/A,18.9,#N/A,#N/A
3/25/14,4.1,13.9,6.7,4.4,rain,3/25/90,#N/A,13.9,#N/A,#N/A,#N/A
3/26/14,3.6,11.1,5.6,2.4,rain,3/26/90,#N/A,11.1,#N/A,#N/A,#N/A
3/27/14,0.3,12.2,6.7,2.8,rain,3/27/90,#N/A,12.2,#N/A,#N/A,#N/A
3/28/14,22.1,11.7,7.2,3.9,rain,3/28/90,#N/A,11.7,#N/A,#N/A,#N/A
3/29/14,14,11.7,7.2,5.1,rain,3/29/90,#N/A,11.7,#N/A,#N/A,#N/A
3/30/14,0,11.1,5,5.1,sun,3/30/90,#N/A,#N/A,11.1,#N/A,#N/A
3/31/14,0,15.6,2.2,3.8,sun,3/31/90,#N/A,#N/A,15.6,#N/A,#N/A
4/1/14,0,14.4,6.7,2.8,sun,4/1/90,#N/A,#N/A,14.4,#N/A,#N/A
4/2/14,0,14.4,5.6,4.2,sun,4/2/90,#N/A,#N/A,14.4,#N/A,#N/A
4/3/14,2.5,13.3,6.1,3.9,rain,4/3/90,#N/A,13.3,#N/A,#N/A,#N/A
4/4/14,0,12.8,6.1,4.7,sun,4/4/90,#N/A,#N/A,12.8,#N/A,#N/A
4/5/14,4.6,11.7,7.8,4.3,rain,4/5/90,#N/A,11.7,#N/A,#N/A,#N/A
4/6/14,0,13.9,8.3,2.6,sun,4/6/90,#N/A,#N/A,13.9,#N/A,#N/A
4/7/14,0,21.1,9.4,2.5,sun,4/7/90,#N/A,#N/A,21.1,#N/A,#N/A
4/8/14,4.6,15.6,8.3,4.2,rain,4/8/90,#N/A,15.6,#N/A,#N/A,#N/A
4/9/14,0,14.4,6.7,2.9,sun,4/9/90,#N/A,#N/A,14.4,#N/A,#N/A
4/10/14,0,15,6.7,3.6,sun,4/10/90,#N/A,#N/A,15,#N/A,#N/A
4/11/14,0,17.2,5,2.8,sun,4/11/90,#N/A,#N/A,17.2,#N/A,#N/A
4/12/14,0,16.1,7.8,4.4,sun,4/12/90,#N/A,#N/A,16.1,#N/A,#N/A
4/13/14,0,20.6,5.6,3.1,sun,4/13/90,#N/A,#N/A,20.6,#N/A,#N/A
4/14/14,0,20,5.6,2.6,sun,4/14/90,#N/A,#N/A,20,#N/A,#N/A
4/15/14,0.5,14.4,7.8,4,rain,4/15/90,#N/A,14.4,#N/A,#N/A,#N/A
4/16/14,10.9,11.1,8.9,4.6,rain,4/16/90,#N/A,11.1,#N/A,#N/A,#N/A
4/17/14,18.5,11.7,7.2,4.7,rain,4/17/90,#N/A,11.7,#N/A,#N/A,#N/A
4/18/14,0,14.4,5.6,3.8,sun,4/18/90,#N/A,#N/A,14.4,#N/A,#N/A
4/19/14,13.7,11.7,5.6,4.7,rain,4/19/90,#N/A,11.7,#N/A,#N/A,#N/A
4/20/14,0,15.6,5.6,2.7,sun,4/20/90,#N/A,#N/A,15.6,#N/A,#N/A
4/21/14,5.1,17.2,7.8,2.5,rain,4/21/90,#N/A,17.2,#N/A,#N/A,#N/A
4/22/14,14.2,12.2,5,4.2,rain,4/22/90,#N/A,12.2,#N/A,#N/A,#N/A
4/23/14,8.9,11.7,6.1,5,rain,4/23/90,#N/A,11.7,#N/A,#N/A,#N/A
4/24/14,12.4,13.9,6.1,5.3,rain,4/24/90,#N/A,13.9,#N/A,#N/A,#N/A
4/25/14,0,14.4,5.6,2.3,sun,4/25/90,#N/A,#N/A,14.4,#N/A,#N/A
4/26/14,3.3,15,5.6,3.9,rain,4/26/90,#N/A,15,#N/A,#N/A,#N/A
4/27/14,6.9,11.1,6.1,5.8,rain,4/27/90,#N/A,11.1,#N/A,#N/A,#N/A
4/28/14,0,16.1,4.4,2.6,sun,4/28/90,#N/A,#N/A,16.1,#N/A,#N/A
4/29/14,0,25,9.4,2.3,sun,4/29/90,#N/A,#N/A,25,#N/A,#N/A
4/30/14,0,27.8,9.4,3.9,sun,4/30/90,#N/A,#N/A,27.8,#N/A,#N/A
5/1/14,0,29.4,11.1,3,sun,5/1/90,#N/A,#N/A,29.4,#N/A,#N/A
5/2/14,0,18.3,10.6,4.7,sun,5/2/90,#N/A,#N/A,18.3,#N/A,#N/A
5/3/14,33.3,15,8.9,3.4,rain,5/3/90,#N/A,15,#N/A,#N/A,#N/A
5/4/14,16,14.4,8.9,4.2,rain,5/4/90,#N/A,14.4,#N/A,#N/A,#N/A
5/5/14,5.1,15.6,9.4,3.8,rain,5/5/90,#N/A,15.6,#N/A,#N/A,#N/A
5/6/14,0,16.7,8.3,2.6,sun,5/6/90,#N/A,#N/A,16.7,#N/A,#N/A
5/7/14,0,18.3,7.2,1.7,sun,5/7/90,#N/A,#N/A,18.3,#N/A,#N/A
5/8/14,13.7,13.9,9.4,3.4,rain,5/8/90,#N/A,13.9,#N/A,#N/A,#N/A
5/9/14,2,13.3,7.2,5.6,rain,5/9/90,#N/A,13.3,#N/A,#N/A,#N/A
5/10/14,0.5,15.6,7.2,2.1,rain,5/10/90,#N/A,15.6,#N/A,#N/A,#N/A
5/11/14,0,18.9,8.3,1.7,sun,5/11/90,#N/A,#N/A,18.9,#N/A,#N/A
5/12/14,0,24.4,9.4,2.7,sun,5/12/90,#N/A,#N/A,24.4,#N/A,#N/A
5/13/14,0,26.7,12.8,3.8,sun,5/13/90,#N/A,#N/A,26.7,#N/A,#N/A
5/14/14,0,27.8,13.3,3.3,sun,5/14/90,#N/A,#N/A,27.8,#N/A,#N/A
5/15/14,0,26.7,12.8,3,sun,5/15/90,#N/A,#N/A,26.7,#N/A,#N/A
5/16/14,0,20,11.7,4.1,sun,5/16/90,#N/A,#N/A,20,#N/A,#N/A
5/17/14,0,20,11.7,3.2,sun,5/17/90,#N/A,#N/A,20,#N/A,#N/A
5/18/14,0,20,10.6,3.2,sun,5/18/90,#N/A,#N/A,20,#N/A,#N/A
5/19/14,0,21.1,10,2.2,sun,5/19/90,#N/A,#N/A,21.1,#N/A,#N/A
5/20/14,0,22.2,10,2.7,sun,5/20/90,#N/A,#N/A,22.2,#N/A,#N/A
5/21/14,0,20,10.6,1.7,sun,5/21/90,#N/A,#N/A,20,#N/A,#N/A
5/22/14,0,24.4,11.7,2.5,sun,5/22/90,#N/A,#N/A,24.4,#N/A,#N/A
5/23/14,3.8,20,12.8,4,rain,5/23/90,#N/A,20,#N/A,#N/A,#N/A
5/24/14,0,18.3,11.1,2.4,sun,5/24/90,#N/A,#N/A,18.3,#N/A,#N/A
5/25/14,5.6,15,10.6,1.4,rain,5/25/90,#N/A,15,#N/A,#N/A,#N/A
5/26/14,0,18.3,11.1,4.5,sun,5/26/90,#N/A,#N/A,18.3,#N/A,#N/A
5/27/14,0,20,10,2.5,sun,5/27/90,#N/A,#N/A,20,#N/A,#N/A
5/28/14,0,18.9,10,3.4,sun,5/28/90,#N/A,#N/A,18.9,#N/A,#N/A
5/29/14,0,18.9,11.1,4.3,sun,5/29/90,#N/A,#N/A,18.9,#N/A,#N/A
5/30/14,0,20.6,8.9,4.5,sun,5/30/90,#N/A,#N/A,20.6,#N/A,#N/A
5/31/14,0,23.3,10,2.2,sun,5/31/90,#N/A,#N/A,23.3,#N/A,#N/A
6/1/14,0,22.2,10.6,2.3,sun,6/1/90,#N/A,#N/A,22.2,#N/A,#N/A
6/2/14,0,23.3,11.1,2.4,sun,6/2/90,#N/A,#N/A,23.3,#N/A,#N/A
6/3/14,0,18.3,11.1,3.2,sun,6/3/90,#N/A,#N/A,18.3,#N/A,#N/A
6/4/14,0,19.4,10,2.6,sun,6/4/90,#N/A,#N/A,19.4,#N/A,#N/A
6/5/14,0,22.2,10,2.4,sun,6/5/90,#N/A,#N/A,22.2,#N/A,#N/A
6/6/14,0,25,10.6,3.2,sun,6/6/90,#N/A,#N/A,25,#N/A,#N/A
6/7/14,0,24.4,13.3,3.1,sun,6/7/90,#N/A,#N/A,24.4,#N/A,#N/A
6/8/14,0,23.3,12.2,2.1,sun,6/8/90,#N/A,#N/A,23.3,#N/A,#N/A
6/9/14,0,21.1,13.3,3.6,sun,6/9/90,#N/A,#N/A,21.1,#N/A,#N/A
6/10/14,0,20,12.2,2.9,sun,6/10/90,#N/A,#N/A,20,#N/A,#N/A
6/11/14,0,23.9,11.1,2.7,sun,6/11/90,#N/A,#N/A,23.9,#N/A,#N/A
6/12/14,1.8,21.7,12.2,4,rain,6/12/90,#N/A,21.7,#N/A,#N/A,#N/A
6/13/14,6.4,15.6,11.1,5,rain,6/13/90,#N/A,15.6,#N/A,#N/A,#N/A
6/14/14,0,17.8,11.7,3.2,sun,6/14/90,#N/A,#N/A,17.8,#N/A,#N/A
6/15/14,0.5,18.3,10,3.6,rain,6/15/90,#N/A,18.3,#N/A,#N/A,#N/A
6/16/14,3.6,17.8,8.9,2.4,rain,6/16/90,#N/A,17.8,#N/A,#N/A,#N/A
6/17/14,1.3,17.8,10,3,rain,6/17/90,#N/A,17.8,#N/A,#N/A,#N/A
6/18/14,0,18.9,11.1,2.7,sun,6/18/90,#N/A,#N/A,18.9,#N/A,#N/A
6/19/14,0.8,25.6,11.7,3.7,rain,6/19/90,#N/A,25.6,#N/A,#N/A,#N/A
6/20/14,0.3,20,10,3.4,rain,6/20/90,#N/A,20,#N/A,#N/A,#N/A
6/21/14,0,22.2,10.6,3.6,sun,6/21/90,#N/A,#N/A,22.2,#N/A,#N/A
6/22/14,0,25,11.1,2.7,sun,6/22/90,#N/A,#N/A,25,#N/A,#N/A
6/23/14,0,25,13.3,2.5,sun,6/23/90,#N/A,#N/A,25,#N/A,#N/A
6/24/14,0,24.4,14.4,2.5,sun,6/24/90,#N/A,#N/A,24.4,#N/A,#N/A
6/25/14,0,26.1,13.9,2.4,sun,6/25/90,#N/A,#N/A,26.1,#N/A,#N/A
6/26/14,0,21.1,14.4,4.1,sun,6/26/90,#N/A,#N/A,21.1,#N/A,#N/A
6/27/14,1.8,21.1,13.9,4.5,rain,6/27/90,#N/A,21.1,#N/A,#N/A,#N/A
6/28/14,2.3,20,13.3,4.3,rain,6/28/90,#N/A,20,#N/A,#N/A,#N/A
6/29/14,0,20.6,12.8,3.2,sun,6/29/90,#N/A,#N/A,20.6,#N/A,#N/A
6/30/14,0,25.6,12.8,4.4,sun,6/30/90,#N/A,#N/A,25.6,#N/A,#N/A
7/1/14,0,34.4,15.6,3.5,sun,7/1/90,#N/A,#N/A,34.4,#N/A,#N/A
7/2/14,0,27.2,14.4,3.6,sun,7/2/90,#N/A,#N/A,27.2,#N/A,#N/A
7/3/14,0,21.7,13.9,3.1,sun,7/3/90,#N/A,#N/A,21.7,#N/A,#N/A
7/4/14,0,23.9,13.9,3.6,sun,7/4/90,#N/A,#N/A,23.9,#N/A,#N/A
7/5/14,0,24.4,13.3,2.2,fog,7/5/90,#N/A,#N/A,#N/A,#N/A,24.4
7/6/14,0,28.9,15,3,sun,7/6/90,#N/A,#N/A,28.9,#N/A,#N/A
7/7/14,0,27.2,17.8,4.1,fog,7/7/90,#N/A,#N/A,#N/A,#N/A,27.2
7/8/14,0,30,15.6,3.5,sun,7/8/90,#N/A,#N/A,30,#N/A,#N/A
7/9/14,0,26.7,13.9,2.3,sun,7/9/90,#N/A,#N/A,26.7,#N/A,#N/A
7/10/14,0,28.9,12.8,2.2,fog,7/10/90,#N/A,#N/A,#N/A,#N/A,28.9
7/11/14,0,31.1,15,2.2,sun,7/11/90,#N/A,#N/A,31.1,#N/A,#N/A
7/12/14,0,32.2,16.7,2.2,sun,7/12/90,#N/A,#N/A,32.2,#N/A,#N/A
7/13/14,0,29.4,15,2.6,sun,7/13/90,#N/A,#N/A,29.4,#N/A,#N/A
7/14/14,0,27.8,15,2.8,sun,7/14/90,#N/A,#N/A,27.8,#N/A,#N/A
7/15/14,0,31.1,13.9,2.3,sun,7/15/90,#N/A,#N/A,31.1,#N/A,#N/A
7/16/14,0,31.1,14.4,2.4,sun,7/16/90,#N/A,#N/A,31.1,#N/A,#N/A
7/17/14,0,26.7,13.9,3.7,sun,7/17/90,#N/A,#N/A,26.7,#N/A,#N/A
7/18/14,0,23.9,11.7,2.8,sun,7/18/90,#N/A,#N/A,23.9,#N/A,#N/A
7/19/14,0,25.6,15,5.4,fog,7/19/90,#N/A,#N/A,#N/A,#N/A,25.6
7/20/14,0,19.4,14.4,2.8,sun,7/20/90,#N/A,#N/A,19.4,#N/A,#N/A
7/21/14,0,23.9,13.3,2.2,sun,7/21/90,#N/A,#N/A,23.9,#N/A,#N/A
7/22/14,0.3,21.1,13.3,1.1,rain,7/22/90,#N/A,21.1,#N/A,#N/A,#N/A
7/23/14,19.3,18.9,13.3,3.3,rain,7/23/90,#N/A,18.9,#N/A,#N/A,#N/A
7/24/14,0,20.6,12.8,4.7,sun,7/24/90,#N/A,#N/A,20.6,#N/A,#N/A
7/25/14,0,22.8,12.2,2.7,sun,7/25/90,#N/A,#N/A,22.8,#N/A,#N/A
7/26/14,0,26.1,13.3,3.6,sun,7/26/90,#N/A,#N/A,26.1,#N/A,#N/A
7/27/14,0,28.3,15,4.1,sun,7/27/90,#N/A,#N/A,28.3,#N/A,#N/A
7/28/14,0,30.6,15,3.7,sun,7/28/90,#N/A,#N/A,30.6,#N/A,#N/A
7/29/14,0,30,15.6,2.8,sun,7/29/90,#N/A,#N/A,30,#N/A,#N/A
7/30/14,0,29.4,14.4,3.4,sun,7/30/90,#N/A,#N/A,29.4,#N/A,#N/A
7/31/14,0,30.6,17.8,4.1,sun,7/31/90,#N/A,#N/A,30.6,#N/A,#N/A
8/1/14,0,28.9,15,3.3,sun,8/1/90,#N/A,#N/A,28.9,#N/A,#N/A
8/2/14,0.5,29.4,15.6,1.7,rain,8/2/90,#N/A,29.4,#N/A,#N/A,#N/A
8/3/14,0,31.7,14.4,2.6,sun,8/3/90,#N/A,#N/A,31.7,#N/A,#N/A
8/4/14,0,32.8,16.1,2.6,sun,8/4/90,#N/A,#N/A,32.8,#N/A,#N/A
8/5/14,0,25,13.9,2.7,sun,8/5/90,#N/A,#N/A,25,#N/A,#N/A
8/6/14,0,26.1,15,2.2,fog,8/6/90,#N/A,#N/A,#N/A,#N/A,26.1
8/7/14,0,25.6,13.3,2.4,fog,8/7/90,#N/A,#N/A,#N/A,#N/A,25.6
8/8/14,0,25.6,13.3,2.9,sun,8/8/90,#N/A,#N/A,25.6,#N/A,#N/A
8/9/14,0,27.2,15.6,4.1,sun,8/9/90,#N/A,#N/A,27.2,#N/A,#N/A
8/10/14,0,30.6,13.9,3.4,sun,8/10/90,#N/A,#N/A,30.6,#N/A,#N/A
8/11/14,0.5,35.6,17.8,2.6,rain,8/11/90,#N/A,35.6,#N/A,#N/A,#N/A
8/12/14,12.7,27.2,17.2,3.1,rain,8/12/90,#N/A,27.2,#N/A,#N/A,#N/A
8/13/14,21.6,23.3,15,2.7,rain,8/13/90,#N/A,23.3,#N/A,#N/A,#N/A
8/14/14,0,21.1,17.2,0.6,sun,8/14/90,#N/A,#N/A,21.1,#N/A,#N/A
8/15/14,1,24.4,16.7,1.5,rain,8/15/90,#N/A,24.4,#N/A,#N/A,#N/A
8/16/14,0,25.6,15.6,2.2,sun,8/16/90,#N/A,#N/A,25.6,#N/A,#N/A
8/17/14,0,27.8,15,2.8,sun,8/17/90,#N/A,#N/A,27.8,#N/A,#N/A
8/18/14,0,29.4,15.6,3.3,sun,8/18/90,#N/A,#N/A,29.4,#N/A,#N/A
8/19/14,0,27.2,15.6,2.4,sun,8/19/90,#N/A,#N/A,27.2,#N/A,#N/A
8/20/14,0,21.7,13.9,3.6,sun,8/20/90,#N/A,#N/A,21.7,#N/A,#N/A
8/21/14,0,21.1,11.1,1.7,sun,8/21/90,#N/A,#N/A,21.1,#N/A,#N/A
8/22/14,0,23.9,13.3,2.9,sun,8/22/90,#N/A,#N/A,23.9,#N/A,#N/A
8/23/14,0,27.8,13.9,2,sun,8/23/90,#N/A,#N/A,27.8,#N/A,#N/A
8/24/14,0,25,13.3,2.3,sun,8/24/90,#N/A,#N/A,25,#N/A,#N/A
8/25/14,0,28.9,14.4,2,sun,8/25/90,#N/A,#N/A,28.9,#N/A,#N/A
8/26/14,0,31.1,15.6,1.8,sun,8/26/90,#N/A,#N/A,31.1,#N/A,#N/A
8/27/14,0,28.9,16.1,1.6,sun,8/27/90,#N/A,#N/A,28.9,#N/A,#N/A
8/28/14,0,23.3,14.4,2.3,sun,8/28/90,#N/A,#N/A,23.3,#N/A,#N/A
8/29/14,0,22.8,15,3.4,sun,8/29/90,#N/A,#N/A,22.8,#N/A,#N/A
8/30/14,8.4,17.8,15,2.2,rain,8/30/90,#N/A,17.8,#N/A,#N/A,#N/A
8/31/14,1.3,21.1,13.9,1.9,rain,8/31/90,#N/A,21.1,#N/A,#N/A,#N/A
9/1/14,0,23.3,12.8,2.5,sun,9/1/90,#N/A,#N/A,23.3,#N/A,#N/A
9/2/14,3,20,13.9,4.3,rain,9/2/90,#N/A,20,#N/A,#N/A,#N/A
9/3/14,0,20.6,12.8,2.7,sun,9/3/90,#N/A,#N/A,20.6,#N/A,#N/A
9/4/14,0,23.9,11.1,3.1,fog,9/4/90,#N/A,#N/A,#N/A,#N/A,23.9
9/5/14,0,27.8,13.9,6.5,fog,9/5/90,#N/A,#N/A,#N/A,#N/A,27.8
9/6/14,0,32.2,15,2.9,sun,9/6/90,#N/A,#N/A,32.2,#N/A,#N/A
9/7/14,0,28.3,13.3,2.1,sun,9/7/90,#N/A,#N/A,28.3,#N/A,#N/A
9/8/14,0,21.1,13.3,2.8,sun,9/8/90,#N/A,#N/A,21.1,#N/A,#N/A
9/9/14,0,21.7,13.3,2.3,sun,9/9/90,#N/A,#N/A,21.7,#N/A,#N/A
9/10/14,0,22.2,12.2,3.9,sun,9/10/90,#N/A,#N/A,22.2,#N/A,#N/A
9/11/14,0,24.4,12.8,5.3,sun,9/11/90,#N/A,#N/A,24.4,#N/A,#N/A
9/12/14,0,24.4,12.8,5.9,sun,9/12/90,#N/A,#N/A,24.4,#N/A,#N/A
9/13/14,0,28.3,10,4.2,sun,9/13/90,#N/A,#N/A,28.3,#N/A,#N/A
9/14/14,0,30,11.7,1.8,sun,9/14/90,#N/A,#N/A,30,#N/A,#N/A
9/15/14,0,30.6,12.2,1.2,sun,9/15/90,#N/A,#N/A,30.6,#N/A,#N/A
9/16/14,0,22.2,13.9,2.8,sun,9/16/90,#N/A,#N/A,22.2,#N/A,#N/A
9/17/14,0.5,22.8,14.4,2.3,rain,9/17/90,#N/A,22.8,#N/A,#N/A,#N/A
9/18/14,0.3,19.4,15,3.1,rain,9/18/90,#N/A,19.4,#N/A,#N/A,#N/A
9/19/14,0,23.9,16.1,2.8,sun,9/19/90,#N/A,#N/A,23.9,#N/A,#N/A
9/20/14,0,24.4,14.4,4.4,fog,9/20/90,#N/A,#N/A,#N/A,#N/A,24.4
9/21/14,0,26.1,12.8,3,sun,9/21/90,#N/A,#N/A,26.1,#N/A,#N/A
9/22/14,0.3,22.2,15,2.1,rain,9/22/90,#N/A,22.2,#N/A,#N/A,#N/A
9/23/14,18.3,18.9,14.4,2.5,rain,9/23/90,#N/A,18.9,#N/A,#N/A,#N/A
9/24/14,20.3,18.9,14.4,2.7,rain,9/24/90,#N/A,18.9,#N/A,#N/A,#N/A
9/25/14,4.3,21.7,14.4,2.5,rain,9/25/90,#N/A,21.7,#N/A,#N/A,#N/A
9/26/14,8.9,20,13.9,3.3,rain,9/26/90,#N/A,20,#N/A,#N/A,#N/A
9/27/14,0,20.6,11.7,3.2,fog,9/27/90,#N/A,#N/A,#N/A,#N/A,20.6
9/28/14,0,18.9,12.2,2,fog,9/28/90,#N/A,#N/A,#N/A,#N/A,18.9
9/29/14,0.8,16.7,11.1,3.5,rain,9/29/90,#N/A,16.7,#N/A,#N/A,#N/A
9/30/14,0,19.4,12.2,2.6,sun,9/30/90,#N/A,#N/A,19.4,#N/A,#N/A
10/1/14,0,18.3,11.1,2.1,sun,10/1/90,#N/A,#N/A,18.3,#N/A,#N/A
10/2/14,0,19.4,10,2,sun,10/2/90,#N/A,#N/A,19.4,#N/A,#N/A
10/3/14,0,22.2,8.9,1,sun,10/3/90,#N/A,#N/A,22.2,#N/A,#N/A
10/4/14,0,21.7,12.2,1.2,sun,10/4/90,#N/A,#N/A,21.7,#N/A,#N/A
10/5/14,0,23.9,11.7,1.4,fog,10/5/90,#N/A,#N/A,#N/A,#N/A,23.9
10/6/14,0,25.6,13.3,2.5,fog,10/6/90,#N/A,#N/A,#N/A,#N/A,25.6
10/7/14,0,18.9,13.9,1,fog,10/7/90,#N/A,#N/A,#N/A,#N/A,18.9
10/8/14,0,20.6,12.8,1.8,fog,10/8/90,#N/A,#N/A,#N/A,#N/A,20.6
10/9/14,0,17.2,11.1,1,fog,10/9/90,#N/A,#N/A,#N/A,#N/A,17.2
10/10/14,0.3,18.3,10,3.8,rain,10/10/90,#N/A,18.3,#N/A,#N/A,#N/A
10/11/14,7.4,18.3,11.7,3.5,rain,10/11/90,#N/A,18.3,#N/A,#N/A,#N/A
10/12/14,0,17.8,11.7,2.1,sun,10/12/90,#N/A,#N/A,17.8,#N/A,#N/A
10/13/14,7.6,21.1,10,3.1,rain,10/13/90,#N/A,21.1,#N/A,#N/A,#N/A
10/14/14,7.1,16.7,11.7,2.2,rain,10/14/90,#N/A,16.7,#N/A,#N/A,#N/A
10/15/14,8.6,16.1,11.7,4.7,rain,10/15/90,#N/A,16.1,#N/A,#N/A,#N/A
10/16/14,0,20.6,11.1,3.3,sun,10/16/90,#N/A,#N/A,20.6,#N/A,#N/A
10/17/14,3.3,16.7,11.7,3,rain,10/17/90,#N/A,16.7,#N/A,#N/A,#N/A
10/18/14,15,19.4,13.9,1.9,rain,10/18/90,#N/A,19.4,#N/A,#N/A,#N/A
10/19/14,0,22.2,12.8,3.2,sun,10/19/90,#N/A,#N/A,22.2,#N/A,#N/A
10/20/14,11.7,16.1,12.2,3.1,rain,10/20/90,#N/A,16.1,#N/A,#N/A,#N/A
10/21/14,1,16.1,11.7,4.7,rain,10/21/90,#N/A,16.1,#N/A,#N/A,#N/A
10/22/14,32,15.6,11.7,5,rain,10/22/90,#N/A,15.6,#N/A,#N/A,#N/A
10/23/14,9.4,14.4,8.3,4.6,rain,10/23/90,#N/A,14.4,#N/A,#N/A,#N/A
10/24/14,4.1,14.4,8.9,3.2,rain,10/24/90,#N/A,14.4,#N/A,#N/A,#N/A
10/25/14,6.1,16.7,8.3,5.4,rain,10/25/90,#N/A,16.7,#N/A,#N/A,#N/A
10/26/14,1.5,12.8,7.8,5,rain,10/26/90,#N/A,12.8,#N/A,#N/A,#N/A
10/27/14,0.8,15.6,6.7,2.4,rain,10/27/90,#N/A,15.6,#N/A,#N/A,#N/A
10/28/14,12.7,15,9.4,3.9,rain,10/28/90,#N/A,15,#N/A,#N/A,#N/A
10/29/14,0.5,16.7,11.7,3.1,rain,10/29/90,#N/A,16.7,#N/A,#N/A,#N/A
10/30/14,25.4,15.6,11.1,3.2,rain,10/30/90,#N/A,15.6,#N/A,#N/A,#N/A
10/31/14,17,12.8,8.3,2,rain,10/31/90,#N/A,12.8,#N/A,#N/A,#N/A
11/1/14,0,11.1,7.2,1.2,fog,11/1/90,#N/A,#N/A,#N/A,#N/A,11.1
11/2/14,1.8,13.3,7.2,2.9,rain,11/2/90,#N/A,13.3,#N/A,#N/A,#N/A
11/3/14,10.9,13.9,11.1,4.8,rain,11/3/90,#N/A,13.9,#N/A,#N/A,#N/A
11/4/14,4.1,14.4,10.6,3.3,rain,11/4/90,#N/A,14.4,#N/A,#N/A,#N/A
11/5/14,4.8,15,10.6,2.1,rain,11/5/90,#N/A,15,#N/A,#N/A,#N/A
11/6/14,4.1,16.7,10.6,6.7,rain,11/6/90,#N/A,16.7,#N/A,#N/A,#N/A
11/7/14,0,14.4,7.2,2.3,sun,11/7/90,#N/A,#N/A,14.4,#N/A,#N/A
11/8/14,0,12.8,3.9,0.8,fog,11/8/90,#N/A,#N/A,#N/A,#N/A,12.8
11/9/14,5.1,13.3,7.8,3,rain,11/9/90,#N/A,13.3,#N/A,#N/A,#N/A
11/10/14,0,11.1,5.6,3.9,sun,11/10/90,#N/A,#N/A,11.1,#N/A,#N/A
11/11/14,0,7.8,1.1,7.7,sun,11/11/90,#N/A,#N/A,7.8,#N/A,#N/A
11/12/14,0,6.7,0,7.6,sun,11/12/90,#N/A,#N/A,6.7,#N/A,#N/A
11/13/14,0,7.2,0.6,4.7,sun,11/13/90,#N/A,#N/A,7.2,#N/A,#N/A
11/14/14,0,7.2,-2.1,4.5,sun,11/14/90,#N/A,#N/A,7.2,#N/A,#N/A
11/15/14,0,8.3,-1.6,4.2,sun,11/15/90,#N/A,#N/A,8.3,#N/A,#N/A
11/16/14,0,9.4,-2.1,4.2,sun,11/16/90,#N/A,#N/A,9.4,#N/A,#N/A
11/17/14,0,10.6,-2.1,1.9,sun,11/17/90,#N/A,#N/A,10.6,#N/A,#N/A
11/18/14,0,7.2,-0.5,0.9,sun,11/18/90,#N/A,#N/A,7.2,#N/A,#N/A
11/19/14,0,11.1,2.2,1.9,sun,11/19/90,#N/A,#N/A,11.1,#N/A,#N/A
11/20/14,3.6,11.1,5.6,2.1,rain,11/20/90,#N/A,11.1,#N/A,#N/A,#N/A
11/21/14,15.2,11.1,8.3,4.7,rain,11/21/90,#N/A,11.1,#N/A,#N/A,#N/A
11/22/14,0.5,9.4,6.7,4.7,rain,11/22/90,#N/A,9.4,#N/A,#N/A,#N/A
11/23/14,11.9,12.8,5.6,5.1,rain,11/23/90,#N/A,12.8,#N/A,#N/A,#N/A
11/24/14,1.3,11.7,4.4,3.8,rain,11/24/90,#N/A,11.7,#N/A,#N/A,#N/A
11/25/14,18.3,13.9,9.4,4.5,rain,11/25/90,#N/A,13.9,#N/A,#N/A,#N/A
11/26/14,0.3,15,12.2,3.9,rain,11/26/90,#N/A,15,#N/A,#N/A,#N/A
11/27/14,3.3,14.4,11.7,6.6,rain,11/27/90,#N/A,14.4,#N/A,#N/A,#N/A
11/28/14,34.3,12.8,3.3,5.8,rain,11/28/90,#N/A,12.8,#N/A,#N/A,#N/A
11/29/14,3.6,4.4,-4.3,5.3,snow,11/29/90,#N/A,#N/A,#N/A,4.4,#N/A
11/30/14,0,2.8,-4.9,4.4,sun,11/30/90,#N/A,#N/A,2.8,#N/A,#N/A
12/1/14,0,4.4,-3.2,2.2,sun,12/1/90,#N/A,#N/A,4.4,#N/A,#N/A
12/2/14,0,5.6,-3.2,5.7,fog,12/2/90,#N/A,#N/A,#N/A,#N/A,5.6
12/3/14,0,10,0,3.6,sun,12/3/90,#N/A,#N/A,10,#N/A,#N/A
12/4/14,0.8,8.3,3.9,1.1,rain,12/4/90,#N/A,8.3,#N/A,#N/A,#N/A
12/5/14,3,12.8,6.7,3.1,rain,12/5/90,#N/A,12.8,#N/A,#N/A,#N/A
12/6/14,7.4,11.7,7.8,3.6,rain,12/6/90,#N/A,11.7,#N/A,#N/A,#N/A
12/7/14,0,14.4,6.1,2.8,sun,12/7/90,#N/A,#N/A,14.4,#N/A,#N/A
12/8/14,9.1,14.4,8.9,4.2,rain,12/8/90,#N/A,14.4,#N/A,#N/A,#N/A
12/9/14,9.9,16.1,10.6,5.1,rain,12/9/90,#N/A,16.1,#N/A,#N/A,#N/A
12/10/14,13,18.9,10,6.7,rain,12/10/90,#N/A,18.9,#N/A,#N/A,#N/A
12/11/14,6.9,14.4,8.3,6.4,rain,12/11/90,#N/A,14.4,#N/A,#N/A,#N/A
12/12/14,0,11.1,7.2,3.7,sun,12/12/90,#N/A,#N/A,11.1,#N/A,#N/A
12/13/14,0,10,3.9,1.1,fog,12/13/90,#N/A,#N/A,#N/A,#N/A,10
12/14/14,0,12.8,1.7,3.5,fog,12/14/90,#N/A,#N/A,#N/A,#N/A,12.8
12/15/14,0,12.2,6.7,5.9,sun,12/15/90,#N/A,#N/A,12.2,#N/A,#N/A
12/16/14,0,10,8.3,4,sun,12/16/90,#N/A,#N/A,10,#N/A,#N/A
12/17/14,2.8,8.9,6.1,1.6,rain,12/17/90,#N/A,8.9,#N/A,#N/A,#N/A
12/18/14,13,9.4,6.7,3.1,rain,12/18/90,#N/A,9.4,#N/A,#N/A,#N/A
12/19/14,3,11.1,7.2,4.3,rain,12/19/90,#N/A,11.1,#N/A,#N/A,#N/A
12/20/14,19.6,12.8,6.7,5.5,rain,12/20/90,#N/A,12.8,#N/A,#N/A,#N/A
12/21/14,0,12.8,10,5.2,sun,12/21/90,#N/A,#N/A,12.8,#N/A,#N/A
12/22/14,0,10.6,6.1,1.5,sun,12/22/90,#N/A,#N/A,10.6,#N/A,#N/A
12/23/14,20.6,12.2,5,3.8,rain,12/23/90,#N/A,12.2,#N/A,#N/A,#N/A
12/24/14,5.3,7.2,3.9,1.8,rain,12/24/90,#N/A,7.2,#N/A,#N/A,#N/A
12/25/14,0,7.8,2.8,2.2,fog,12/25/90,#N/A,#N/A,#N/A,#N/A,7.8
12/26/14,0,5.6,1.7,1.2,fog,12/26/90,#N/A,#N/A,#N/A,#N/A,5.6
12/27/14,3.3,9.4,4.4,4.9,rain,12/27/90,#N/A,9.4,#N/A,#N/A,#N/A
12/28/14,4.1,6.7,2.8,1.8,rain,12/28/90,#N/A,6.7,#N/A,#N/A,#N/A
12/29/14,0,6.1,0.6,4.3,fog,12/29/90,#N/A,#N/A,#N/A,#N/A,6.1
12/30/14,0,3.3,-2.1,3.6,sun,12/30/90,#N/A,#N/A,3.3,#N/A,#N/A
12/31/14,0,3.3,-2.7,3,sun,12/31/90,#N/A,#N/A,3.3,#N/A,#N/A
1/1/15,0,5.6,-3.2,1.2,sun,1/1/90,#N/A,#N/A,5.6,#N/A,#N/A
1/2/15,1.5,5.6,0,2.3,rain,1/2/90,#N/A,5.6,#N/A,#N/A,#N/A
1/3/15,0,5,1.7,1.7,fog,1/3/90,#N/A,#N/A,#N/A,#N/A,5
1/4/15,10.2,10.6,3.3,4.5,rain,1/4/90,#N/A,10.6,#N/A,#N/A,#N/A
1/5/15,8.1,12.2,9.4,6.4,rain,1/5/90,#N/A,12.2,#N/A,#N/A,#N/A
1/6/15,0,12.2,6.1,1.3,fog,1/6/90,#N/A,#N/A,#N/A,#N/A,12.2
1/7/15,0,7.8,5.6,1.6,fog,1/7/90,#N/A,#N/A,#N/A,#N/A,7.8
1/8/15,0,7.8,1.7,2.6,fog,1/8/90,#N/A,#N/A,#N/A,#N/A,7.8
1/9/15,0.3,10,3.3,0.6,rain,1/9/90,#N/A,10,#N/A,#N/A,#N/A
1/10/15,5.8,7.8,6.1,0.5,rain,1/10/90,#N/A,7.8,#N/A,#N/A,#N/A
1/11/15,1.5,9.4,7.2,1.1,rain,1/11/90,#N/A,9.4,#N/A,#N/A,#N/A
1/12/15,0,11.1,4.4,1.6,fog,1/12/90,#N/A,#N/A,#N/A,#N/A,11.1
1/13/15,0,9.4,2.8,2.7,fog,1/13/90,#N/A,#N/A,#N/A,#N/A,9.4
1/14/15,0,6.1,0.6,2.8,fog,1/14/90,#N/A,#N/A,#N/A,#N/A,6.1
1/15/15,9.7,7.8,1.1,3.2,rain,1/15/90,#N/A,7.8,#N/A,#N/A,#N/A
1/16/15,0,11.7,5.6,4.5,fog,1/16/90,#N/A,#N/A,#N/A,#N/A,11.7
1/17/15,26.2,13.3,3.3,2.8,rain,1/17/90,#N/A,13.3,#N/A,#N/A,#N/A
1/18/15,21.3,13.9,7.2,6.6,rain,1/18/90,#N/A,13.9,#N/A,#N/A,#N/A
1/19/15,0.5,10,6.1,2.8,rain,1/19/90,#N/A,10,#N/A,#N/A,#N/A
1/20/15,0,10,3.3,3,fog,1/20/90,#N/A,#N/A,#N/A,#N/A,10
1/21/15,0,7.2,-0.5,1.3,fog,1/21/90,#N/A,#N/A,#N/A,#N/A,7.2
1/22/15,0.8,9.4,6.1,1.3,rain,1/22/90,#N/A,9.4,#N/A,#N/A,#N/A
1/23/15,5.8,12.2,8.3,2.6,rain,1/23/90,#N/A,12.2,#N/A,#N/A,#N/A
1/24/15,0.5,14.4,11.1,3.3,rain,1/24/90,#N/A,14.4,#N/A,#N/A,#N/A
1/25/15,0,17.2,7.2,1.4,fog,1/25/90,#N/A,#N/A,#N/A,#N/A,17.2
1/26/15,0,16.1,6.1,2.2,fog,1/26/90,#N/A,#N/A,#N/A,#N/A,16.1
1/27/15,0.8,11.1,8.3,2,rain,1/27/90,#N/A,11.1,#N/A,#N/A,#N/A
1/28/15,0,12.2,5,1.8,fog,1/28/90,#N/A,#N/A,#N/A,#N/A,12.2
1/29/15,0,12.2,3.3,2.9,sun,1/29/90,#N/A,#N/A,12.2,#N/A,#N/A
1/30/15,0,8.3,1.1,0.8,fog,1/30/90,#N/A,#N/A,#N/A,#N/A,8.3
1/31/15,0,7.2,3.3,1.9,fog,1/31/90,#N/A,#N/A,#N/A,#N/A,7.2
2/1/15,1.5,9.4,4.4,2.6,rain,2/1/90,#N/A,9.4,#N/A,#N/A,#N/A
2/2/15,7.4,11.1,5,4,rain,2/2/90,#N/A,11.1,#N/A,#N/A,#N/A
2/3/15,1.3,10,5.6,1.9,rain,2/3/90,#N/A,10,#N/A,#N/A,#N/A
2/4/15,8.4,10.6,4.4,1.7,rain,2/4/90,#N/A,10.6,#N/A,#N/A,#N/A
2/5/15,26.2,13.3,8.3,4.6,rain,2/5/90,#N/A,13.3,#N/A,#N/A,#N/A
2/6/15,17.3,14.4,10,4.5,rain,2/6/90,#N/A,14.4,#N/A,#N/A,#N/A
2/7/15,23.6,12.2,9.4,4.6,rain,2/7/90,#N/A,12.2,#N/A,#N/A,#N/A
2/8/15,3.6,15,8.3,3.9,rain,2/8/90,#N/A,15,#N/A,#N/A,#N/A
2/9/15,6.1,13.3,8.3,2.5,rain,2/9/90,#N/A,13.3,#N/A,#N/A,#N/A
2/10/15,0.3,12.8,8.3,4,rain,2/10/90,#N/A,12.8,#N/A,#N/A,#N/A
2/11/15,0,12.8,5.6,1,fog,2/11/90,#N/A,#N/A,#N/A,#N/A,12.8
2/12/15,1,16.7,9.4,2.1,rain,2/12/90,#N/A,16.7,#N/A,#N/A,#N/A
2/13/15,0,15.6,6.7,1.7,fog,2/13/90,#N/A,#N/A,#N/A,#N/A,15.6
2/14/15,0.3,14.4,6.7,2.9,rain,2/14/90,#N/A,14.4,#N/A,#N/A,#N/A
2/15/15,0,12.2,3.9,4.8,sun,2/15/90,#N/A,#N/A,12.2,#N/A,#N/A
2/16/15,0,15,5.6,6.6,fog,2/16/90,#N/A,#N/A,#N/A,#N/A,15
2/17/15,0,16.1,4.4,4,sun,2/17/90,#N/A,#N/A,16.1,#N/A,#N/A
2/18/15,0,12.2,4.4,2.6,sun,2/18/90,#N/A,#N/A,12.2,#N/A,#N/A
2/19/15,4.6,10.6,8.3,2.2,rain,2/19/90,#N/A,10.6,#N/A,#N/A,#N/A
2/20/15,0.8,11.1,7.2,0.9,rain,2/20/90,#N/A,11.1,#N/A,#N/A,#N/A
2/21/15,0,12.2,5.6,4.5,sun,2/21/90,#N/A,#N/A,12.2,#N/A,#N/A
2/22/15,0,11.7,3.3,4.2,sun,2/22/90,#N/A,#N/A,11.7,#N/A,#N/A
2/23/15,0,12.8,0.6,1.4,sun,2/23/90,#N/A,#N/A,12.8,#N/A,#N/A
2/24/15,0,11.1,2.2,1.5,sun,2/24/90,#N/A,#N/A,11.1,#N/A,#N/A
2/25/15,4.1,10,6.7,1,rain,2/25/90,#N/A,10,#N/A,#N/A,#N/A
2/26/15,9.4,11.7,7.8,1.4,rain,2/26/90,#N/A,11.7,#N/A,#N/A,#N/A
2/27/15,18.3,10,6.7,4,rain,2/27/90,#N/A,10,#N/A,#N/A,#N/A
2/28/15,0,12.2,3.3,5.1,sun,2/28/90,#N/A,#N/A,12.2,#N/A,#N/A
3/1/15,0,11.1,1.1,2.2,sun,3/1/90,#N/A,#N/A,11.1,#N/A,#N/A
3/2/15,0,11.1,4.4,4.8,sun,3/2/90,#N/A,#N/A,11.1,#N/A,#N/A
3/3/15,0,10.6,0,2.1,sun,3/3/90,#N/A,#N/A,10.6,#N/A,#N/A
3/4/15,0,12.8,-0.5,1.8,sun,3/4/90,#N/A,#N/A,12.8,#N/A,#N/A
3/5/15,0,13.3,2.8,1.3,sun,3/5/90,#N/A,#N/A,13.3,#N/A,#N/A
3/6/15,0,15,3.3,1.4,sun,3/6/90,#N/A,#N/A,15,#N/A,#N/A
3/7/15,0,16.7,3.9,2.7,fog,3/7/90,#N/A,#N/A,#N/A,#N/A,16.7
3/8/15,0,17.2,3.9,1.7,fog,3/8/90,#N/A,#N/A,#N/A,#N/A,17.2
3/9/15,0,14.4,4.4,1.8,fog,3/9/90,#N/A,#N/A,#N/A,#N/A,14.4
3/10/15,0.8,13.3,5,2.6,rain,3/10/90,#N/A,13.3,#N/A,#N/A,#N/A
3/11/15,2.5,14.4,8.9,3.1,rain,3/11/90,#N/A,14.4,#N/A,#N/A,#N/A
3/12/15,0,17.8,9.4,3.2,sun,3/12/90,#N/A,#N/A,17.8,#N/A,#N/A
3/13/15,2,17.2,7.8,2.2,rain,3/13/90,#N/A,17.2,#N/A,#N/A,#N/A
3/14/15,17,13.9,9.4,3.8,rain,3/14/90,#N/A,13.9,#N/A,#N/A,#N/A
3/15/15,55.9,10.6,6.1,4.2,rain,3/15/90,#N/A,10.6,#N/A,#N/A,#N/A
3/16/15,1,13.9,6.1,3,rain,3/16/90,#N/A,13.9,#N/A,#N/A,#N/A
3/17/15,0.8,13.3,4.4,2.6,rain,3/17/90,#N/A,13.3,#N/A,#N/A,#N/A
3/18/15,0,15.6,7.2,2.5,sun,3/18/90,#N/A,#N/A,15.6,#N/A,#N/A
3/19/15,0,15.6,8.3,1.9,sun,3/19/90,#N/A,#N/A,15.6,#N/A,#N/A
3/20/15,4.1,13.9,8.9,1.9,rain,3/20/90,#N/A,13.9,#N/A,#N/A,#N/A
3/21/15,3.8,13.3,8.3,4.7,rain,3/21/90,#N/A,13.3,#N/A,#N/A,#N/A
3/22/15,1,11.7,6.1,2.3,rain,3/22/90,#N/A,11.7,#N/A,#N/A,#N/A
3/23/15,8.1,11.1,5.6,2.8,rain,3/23/90,#N/A,11.1,#N/A,#N/A,#N/A
3/24/15,7.6,12.8,6.1,3.9,rain,3/24/90,#N/A,12.8,#N/A,#N/A,#N/A
3/25/15,5.1,14.4,7.2,4.4,rain,3/25/90,#N/A,14.4,#N/A,#N/A,#N/A
3/26/15,0,20.6,10,2.2,sun,3/26/90,#N/A,#N/A,20.6,#N/A,#N/A
3/27/15,1,18.3,8.9,4,rain,3/27/90,#N/A,18.3,#N/A,#N/A,#N/A
3/28/15,0,15.6,9.4,5.7,sun,3/28/90,#N/A,#N/A,15.6,#N/A,#N/A
3/29/15,0,15.6,8.9,3,sun,3/29/90,#N/A,#N/A,15.6,#N/A,#N/A
3/30/15,1.8,17.8,10.6,2.9,rain,3/30/90,#N/A,17.8,#N/A,#N/A,#N/A
3/31/15,1,12.8,6.1,4.2,rain,3/31/90,#N/A,12.8,#N/A,#N/A,#N/A
4/1/15,5.1,12.8,5.6,3.2,rain,4/1/90,#N/A,12.8,#N/A,#N/A,#N/A
4/2/15,0,13.3,5.6,2.4,sun,4/2/90,#N/A,#N/A,13.3,#N/A,#N/A
4/3/15,1.5,11.1,5,3.6,rain,4/3/90,#N/A,11.1,#N/A,#N/A,#N/A
4/4/15,0,12.8,3.9,1.7,sun,4/4/90,#N/A,#N/A,12.8,#N/A,#N/A
4/5/15,0,16.7,2.8,2.4,sun,4/5/90,#N/A,#N/A,16.7,#N/A,#N/A
4/6/15,1,13.9,6.7,3.5,rain,4/6/90,#N/A,13.9,#N/A,#N/A,#N/A
4/7/15,0.5,14.4,6.7,3.9,rain,4/7/90,#N/A,14.4,#N/A,#N/A,#N/A
4/8/15,0,17.2,6.1,1.7,sun,4/8/90,#N/A,#N/A,17.2,#N/A,#N/A
4/9/15,0,17.2,6.1,2.3,sun,4/9/90,#N/A,#N/A,17.2,#N/A,#N/A
4/10/15,10.9,13.9,7.8,4.6,rain,4/10/90,#N/A,13.9,#N/A,#N/A,#N/A
4/11/15,0,11.7,5.6,6.5,sun,4/11/90,#N/A,#N/A,11.7,#N/A,#N/A
4/12/15,0,13.3,5.6,3.6,sun,4/12/90,#N/A,#N/A,13.3,#N/A,#N/A
4/13/15,14,11.7,3.9,3.6,rain,4/13/90,#N/A,11.7,#N/A,#N/A,#N/A
4/14/15,3.3,11.7,2.8,3.3,rain,4/14/90,#N/A,11.7,#N/A,#N/A,#N/A
4/15/15,0,13.9,3.3,2.4,sun,4/15/90,#N/A,#N/A,13.9,#N/A,#N/A
4/16/15,0,17.8,3.9,3.1,sun,4/16/90,#N/A,#N/A,17.8,#N/A,#N/A
4/17/15,0,18.9,6.1,3.6,sun,4/17/90,#N/A,#N/A,18.9,#N/A,#N/A
4/18/15,0,18.9,8.3,3.9,sun,4/18/90,#N/A,#N/A,18.9,#N/A,#N/A
4/19/15,0,21.1,8.3,3.6,sun,4/19/90,#N/A,#N/A,21.1,#N/A,#N/A
4/20/15,0,22.8,7.8,2.6,sun,4/20/90,#N/A,#N/A,22.8,#N/A,#N/A
4/21/15,5.6,17.2,6.7,3.4,rain,4/21/90,#N/A,17.2,#N/A,#N/A,#N/A
4/22/15,0,15.6,5,2.3,sun,4/22/90,#N/A,#N/A,15.6,#N/A,#N/A
4/23/15,3,12.2,6.7,4.1,rain,4/23/90,#N/A,12.2,#N/A,#N/A,#N/A
4/24/15,3.3,12.2,6.1,5,rain,4/24/90,#N/A,12.2,#N/A,#N/A,#N/A
4/25/15,1.3,13.3,5.6,3,rain,4/25/90,#N/A,13.3,#N/A,#N/A,#N/A
4/26/15,0,15.6,4.4,2.7,fog,4/26/90,#N/A,#N/A,#N/A,#N/A,15.6
4/27/15,0.3,25,10.6,2.3,rain,4/27/90,#N/A,25,#N/A,#N/A,#N/A
4/28/15,1.8,15.6,8.9,4.3,rain,4/28/90,#N/A,15.6,#N/A,#N/A,#N/A
4/29/15,0,16.1,7.2,4.7,sun,4/29/90,#N/A,#N/A,16.1,#N/A,#N/A
4/30/15,0,17.2,7.8,2.1,sun,4/30/90,#N/A,#N/A,17.2,#N/A,#N/A
5/1/15,0,18.3,8.9,3.7,sun,5/1/90,#N/A,#N/A,18.3,#N/A,#N/A
5/2/15,0,18.3,7.8,3.7,sun,5/2/90,#N/A,#N/A,18.3,#N/A,#N/A
5/3/15,0,20.6,7.8,2.6,sun,5/3/90,#N/A,#N/A,20.6,#N/A,#N/A
5/4/15,0,17.2,7.2,5.2,sun,5/4/90,#N/A,#N/A,17.2,#N/A,#N/A
5/5/15,6.1,14.4,7.2,5.1,rain,5/5/90,#N/A,14.4,#N/A,#N/A,#N/A
5/6/15,0,16.7,7.2,2.6,fog,5/6/90,#N/A,#N/A,#N/A,#N/A,16.7
5/7/15,0,20.6,6.1,3,sun,5/7/90,#N/A,#N/A,20.6,#N/A,#N/A
5/8/15,0,23.9,8.3,3,sun,5/8/90,#N/A,#N/A,23.9,#N/A,#N/A
5/9/15,0,26.7,9.4,2.6,sun,5/9/90,#N/A,#N/A,26.7,#N/A,#N/A
5/10/15,0,19.4,11.1,2.8,sun,5/10/90,#N/A,#N/A,19.4,#N/A,#N/A
5/11/15,0,13.9,10,2.5,fog,5/11/90,#N/A,#N/A,#N/A,#N/A,13.9
5/12/15,4.3,15.6,10.6,3.3,rain,5/12/90,#N/A,15.6,#N/A,#N/A,#N/A
5/13/15,4.1,12.2,10,2.8,rain,5/13/90,#N/A,12.2,#N/A,#N/A,#N/A
5/14/15,0.3,17.8,9.4,2,rain,5/14/90,#N/A,17.8,#N/A,#N/A,#N/A
5/15/15,0,20,9.4,2.8,fog,5/15/90,#N/A,#N/A,#N/A,#N/A,20
5/16/15,0,15.6,11.1,3,sun,5/16/90,#N/A,#N/A,15.6,#N/A,#N/A
5/17/15,0,19.4,10.6,2.1,sun,5/17/90,#N/A,#N/A,19.4,#N/A,#N/A
5/18/15,0,25.6,12.2,3,sun,5/18/90,#N/A,#N/A,25.6,#N/A,#N/A
5/19/15,0,21.7,11.7,2.6,sun,5/19/90,#N/A,#N/A,21.7,#N/A,#N/A
5/20/15,0,23.3,10.6,1.8,fog,5/20/90,#N/A,#N/A,#N/A,#N/A,23.3
5/21/15,0,25.6,11.7,2.1,sun,5/21/90,#N/A,#N/A,25.6,#N/A,#N/A
5/22/15,0,16.7,11.7,3.7,sun,5/22/90,#N/A,#N/A,16.7,#N/A,#N/A
5/23/15,0,16.1,11.7,2.6,sun,5/23/90,#N/A,#N/A,16.1,#N/A,#N/A
5/24/15,0,17.8,11.1,2.7,sun,5/24/90,#N/A,#N/A,17.8,#N/A,#N/A
5/25/15,0,15.6,11.1,2.7,sun,5/25/90,#N/A,#N/A,15.6,#N/A,#N/A
5/26/15,0,21.7,11.7,2.1,sun,5/26/90,#N/A,#N/A,21.7,#N/A,#N/A
5/27/15,0,24.4,11.7,1.8,sun,5/27/90,#N/A,#N/A,24.4,#N/A,#N/A
5/28/15,0,27.8,12.2,2.1,sun,5/28/90,#N/A,#N/A,27.8,#N/A,#N/A
5/29/15,0,26.1,12.8,2.5,sun,5/29/90,#N/A,#N/A,26.1,#N/A,#N/A
5/30/15,0,22.8,10,2.5,sun,5/30/90,#N/A,#N/A,22.8,#N/A,#N/A
5/31/15,0,25,11.7,2.2,sun,5/31/90,#N/A,#N/A,25,#N/A,#N/A
6/1/15,4.6,16.1,11.7,3.4,rain,6/1/90,#N/A,16.1,#N/A,#N/A,#N/A
6/2/15,0.5,17.8,12.8,5,rain,6/2/90,#N/A,17.8,#N/A,#N/A,#N/A
6/3/15,0,20,11.7,3,sun,6/3/90,#N/A,#N/A,20,#N/A,#N/A
6/4/15,0,22.8,11.7,3.9,sun,6/4/90,#N/A,#N/A,22.8,#N/A,#N/A
6/5/15,0,26.7,12.8,4.3,sun,6/5/90,#N/A,#N/A,26.7,#N/A,#N/A
6/6/15,0,29.4,13.3,2.6,sun,6/6/90,#N/A,#N/A,29.4,#N/A,#N/A
6/7/15,0,31.1,15.6,3.2,sun,6/7/90,#N/A,#N/A,31.1,#N/A,#N/A
6/8/15,0,30.6,14.4,3.5,sun,6/8/90,#N/A,#N/A,30.6,#N/A,#N/A
6/9/15,0,28.9,14.4,2.7,sun,6/9/90,#N/A,#N/A,28.9,#N/A,#N/A
6/10/15,0,25.6,11.1,3,sun,6/10/90,#N/A,#N/A,25.6,#N/A,#N/A
6/11/15,0,24.4,11.1,3.5,sun,6/11/90,#N/A,#N/A,24.4,#N/A,#N/A
6/12/15,0,20,11.7,2.3,sun,6/12/90,#N/A,#N/A,20,#N/A,#N/A
6/13/15,0,23.9,9.4,2.6,sun,6/13/90,#N/A,#N/A,23.9,#N/A,#N/A
6/14/15,0,27.8,11.7,3.7,sun,6/14/90,#N/A,#N/A,27.8,#N/A,#N/A
6/15/15,0,30,16.1,3.5,drizzle,6/15/90,30,#N/A,#N/A,#N/A,#N/A
6/16/15,0,22.8,11.1,3,sun,6/16/90,#N/A,#N/A,22.8,#N/A,#N/A
6/17/15,0,25,11.1,3.1,sun,6/17/90,#N/A,#N/A,25,#N/A,#N/A
6/18/15,0,24.4,13.9,3,sun,6/18/90,#N/A,#N/A,24.4,#N/A,#N/A
6/19/15,0.5,23.9,13.3,3.2,rain,6/19/90,#N/A,23.9,#N/A,#N/A,#N/A
6/20/15,0,25,12.8,4.3,sun,6/20/90,#N/A,#N/A,25,#N/A,#N/A
6/21/15,0,25.6,13.9,3.4,sun,6/21/90,#N/A,#N/A,25.6,#N/A,#N/A
6/22/15,0,25,12.8,2.4,sun,6/22/90,#N/A,#N/A,25,#N/A,#N/A
6/23/15,0,26.1,11.7,2.4,sun,6/23/90,#N/A,#N/A,26.1,#N/A,#N/A
6/24/15,0,25.6,16.1,2.6,sun,6/24/90,#N/A,#N/A,25.6,#N/A,#N/A
6/25/15,0,30.6,15.6,3,sun,6/25/90,#N/A,#N/A,30.6,#N/A,#N/A
6/26/15,0,31.7,17.8,4.7,sun,6/26/90,#N/A,#N/A,31.7,#N/A,#N/A
6/27/15,0,33.3,17.2,3.9,sun,6/27/90,#N/A,#N/A,33.3,#N/A,#N/A
6/28/15,0.3,28.3,18.3,2.1,rain,6/28/90,#N/A,28.3,#N/A,#N/A,#N/A
6/29/15,0,28.9,17.2,2.7,sun,6/29/90,#N/A,#N/A,28.9,#N/A,#N/A
6/30/15,0,30.6,15,3.4,fog,6/30/90,#N/A,#N/A,#N/A,#N/A,30.6
7/1/15,0,32.2,17.2,4.3,sun,7/1/90,#N/A,#N/A,32.2,#N/A,#N/A
7/2/15,0,33.9,17.8,3.4,sun,7/2/90,#N/A,#N/A,33.9,#N/A,#N/A
7/3/15,0,33.3,17.8,2.6,sun,7/3/90,#N/A,#N/A,33.3,#N/A,#N/A
7/4/15,0,33.3,15,2.9,sun,7/4/90,#N/A,#N/A,33.3,#N/A,#N/A
7/5/15,0,32.8,16.7,2.1,sun,7/5/90,#N/A,#N/A,32.8,#N/A,#N/A
7/6/15,0,29.4,15.6,3.2,drizzle,7/6/90,29.4,#N/A,#N/A,#N/A,#N/A
7/7/15,0,27.2,13.9,2.4,sun,7/7/90,#N/A,#N/A,27.2,#N/A,#N/A
7/8/15,0,30,14.4,1.9,drizzle,7/8/90,30,#N/A,#N/A,#N/A,#N/A
7/9/15,0,28.9,14.4,3.4,sun,7/9/90,#N/A,#N/A,28.9,#N/A,#N/A
7/10/15,0,21.1,16.7,3.7,sun,7/10/90,#N/A,#N/A,21.1,#N/A,#N/A
7/11/15,0,22.2,16.7,3,sun,7/11/90,#N/A,#N/A,22.2,#N/A,#N/A
7/12/15,0,26.1,16.7,2.2,sun,7/12/90,#N/A,#N/A,26.1,#N/A,#N/A
7/13/15,0,25.6,16.1,3.1,sun,7/13/90,#N/A,#N/A,25.6,#N/A,#N/A
7/14/15,0,27.8,16.1,3.3,sun,7/14/90,#N/A,#N/A,27.8,#N/A,#N/A
7/15/15,0,26.1,14.4,3.2,sun,7/15/90,#N/A,#N/A,26.1,#N/A,#N/A
7/16/15,0,26.1,15,2.8,sun,7/16/90,#N/A,#N/A,26.1,#N/A,#N/A
7/17/15,0,27.8,13.9,3.3,sun,7/17/90,#N/A,#N/A,27.8,#N/A,#N/A
7/18/15,0,33.3,17.8,3.4,sun,7/18/90,#N/A,#N/A,33.3,#N/A,#N/A
7/19/15,0,35,17.2,3.3,sun,7/19/90,#N/A,#N/A,35,#N/A,#N/A
7/20/15,0,26.7,16.7,3.9,sun,7/20/90,#N/A,#N/A,26.7,#N/A,#N/A
7/21/15,0,23.9,15,2.4,sun,7/21/90,#N/A,#N/A,23.9,#N/A,#N/A
7/22/15,0,23.9,13.9,2.8,sun,7/22/90,#N/A,#N/A,23.9,#N/A,#N/A
7/23/15,0,26.1,14.4,1.9,sun,7/23/90,#N/A,#N/A,26.1,#N/A,#N/A
7/24/15,0.3,22.8,13.3,3.8,rain,7/24/90,#N/A,22.8,#N/A,#N/A,#N/A
7/25/15,0,21.1,14.4,2.4,fog,7/25/90,#N/A,#N/A,#N/A,#N/A,21.1
7/26/15,2,22.2,13.9,2.6,rain,7/26/90,#N/A,22.2,#N/A,#N/A,#N/A
7/27/15,0,23.3,12.2,1.9,fog,7/27/90,#N/A,#N/A,#N/A,#N/A,23.3
7/28/15,0,27.8,13.9,3.4,sun,7/28/90,#N/A,#N/A,27.8,#N/A,#N/A
7/29/15,0,32.2,14.4,3.8,sun,7/29/90,#N/A,#N/A,32.2,#N/A,#N/A
7/30/15,0,34.4,17.2,3.5,sun,7/30/90,#N/A,#N/A,34.4,#N/A,#N/A
7/31/15,0,34.4,17.8,2.6,sun,7/31/90,#N/A,#N/A,34.4,#N/A,#N/A
8/1/15,0,33.3,15.6,3.1,sun,8/1/90,#N/A,#N/A,33.3,#N/A,#N/A
8/2/15,0,30.6,16.1,2,sun,8/2/90,#N/A,#N/A,30.6,#N/A,#N/A
8/3/15,0,28.3,17.2,2.3,sun,8/3/90,#N/A,#N/A,28.3,#N/A,#N/A
8/4/15,0,26.1,14.4,2.6,fog,8/4/90,#N/A,#N/A,#N/A,#N/A,26.1
8/5/15,0,23.3,12.2,3.5,sun,8/5/90,#N/A,#N/A,23.3,#N/A,#N/A
8/6/15,0,25,15,2.9,sun,8/6/90,#N/A,#N/A,25,#N/A,#N/A
8/7/15,0,28.3,15.6,3.7,sun,8/7/90,#N/A,#N/A,28.3,#N/A,#N/A
8/8/15,0,25,15.6,3.6,fog,8/8/90,#N/A,#N/A,#N/A,#N/A,25
8/9/15,0,28.3,15,2.2,sun,8/9/90,#N/A,#N/A,28.3,#N/A,#N/A
8/10/15,0,28.9,16.1,2.4,sun,8/10/90,#N/A,#N/A,28.9,#N/A,#N/A
8/11/15,0,30,16.7,4.4,sun,8/11/90,#N/A,#N/A,30,#N/A,#N/A
8/12/15,7.6,28.3,16.7,2.7,rain,8/12/90,#N/A,28.3,#N/A,#N/A,#N/A
8/13/15,0,28.3,15.6,2.2,sun,8/13/90,#N/A,#N/A,28.3,#N/A,#N/A
8/14/15,30.5,18.3,15,5.2,rain,8/14/90,#N/A,18.3,#N/A,#N/A,#N/A
8/15/15,0,21.7,13.9,3.7,sun,8/15/90,#N/A,#N/A,21.7,#N/A,#N/A
8/16/15,0,25,14.4,3.7,sun,8/16/90,#N/A,#N/A,25,#N/A,#N/A
8/17/15,0,27.2,13.9,3,sun,8/17/90,#N/A,#N/A,27.2,#N/A,#N/A
8/18/15,0,30,15,3,sun,8/18/90,#N/A,#N/A,30,#N/A,#N/A
8/19/15,0,31.7,16.1,2.1,drizzle,8/19/90,31.7,#N/A,#N/A,#N/A,#N/A
8/20/15,2,22.8,14.4,4.2,rain,8/20/90,#N/A,22.8,#N/A,#N/A,#N/A
8/21/15,0,22.2,14.4,2.6,sun,8/21/90,#N/A,#N/A,22.2,#N/A,#N/A
8/22/15,0,26.7,12.2,2.5,drizzle,8/22/90,26.7,#N/A,#N/A,#N/A,#N/A
8/23/15,0,27.8,13.9,1.8,drizzle,8/23/90,27.8,#N/A,#N/A,#N/A,#N/A
8/24/15,0,23.9,12.2,2.3,sun,8/24/90,#N/A,#N/A,23.9,#N/A,#N/A
8/25/15,0,25.6,12.2,3.4,sun,8/25/90,#N/A,#N/A,25.6,#N/A,#N/A
8/26/15,0,28.3,13.9,1.7,sun,8/26/90,#N/A,#N/A,28.3,#N/A,#N/A
8/27/15,0,29.4,14.4,2.1,sun,8/27/90,#N/A,#N/A,29.4,#N/A,#N/A
8/28/15,0.5,23.3,15.6,2.6,rain,8/28/90,#N/A,23.3,#N/A,#N/A,#N/A
8/29/15,32.5,22.2,13.3,5.8,rain,8/29/90,#N/A,22.2,#N/A,#N/A,#N/A
8/30/15,10.2,20,12.8,4.7,rain,8/30/90,#N/A,20,#N/A,#N/A,#N/A
8/31/15,0,18.9,16.1,5.8,sun,8/31/90,#N/A,#N/A,18.9,#N/A,#N/A
9/1/15,5.8,19.4,13.9,5,rain,9/1/90,#N/A,19.4,#N/A,#N/A,#N/A
9/2/15,0,19.4,11.1,3.8,sun,9/2/90,#N/A,#N/A,19.4,#N/A,#N/A
9/3/15,0,18.3,10.6,2.9,sun,9/3/90,#N/A,#N/A,18.3,#N/A,#N/A
9/4/15,0,18.3,10,2.9,sun,9/4/90,#N/A,#N/A,18.3,#N/A,#N/A
9/5/15,0.3,20.6,8.9,3.5,rain,9/5/90,#N/A,20.6,#N/A,#N/A,#N/A
9/6/15,5.3,16.1,11.7,2.4,rain,9/6/90,#N/A,16.1,#N/A,#N/A,#N/A
9/7/15,0.3,21.1,13.3,1.5,rain,9/7/90,#N/A,21.1,#N/A,#N/A,#N/A
9/8/15,0,22.8,13.3,2.4,sun,9/8/90,#N/A,#N/A,22.8,#N/A,#N/A
9/9/15,0,24.4,13.9,3.3,sun,9/9/90,#N/A,#N/A,24.4,#N/A,#N/A
9/10/15,0,25,14.4,3.6,fog,9/10/90,#N/A,#N/A,#N/A,#N/A,25
9/11/15,0,27.2,15,3.1,sun,9/11/90,#N/A,#N/A,27.2,#N/A,#N/A
9/12/15,0,26.7,14.4,2.1,sun,9/12/90,#N/A,#N/A,26.7,#N/A,#N/A
9/13/15,0.5,20.6,12.8,3,rain,9/13/90,#N/A,20.6,#N/A,#N/A,#N/A
9/14/15,0,16.7,10.6,3.4,sun,9/14/90,#N/A,#N/A,16.7,#N/A,#N/A
9/15/15,0,17.8,10,2.8,sun,9/15/90,#N/A,#N/A,17.8,#N/A,#N/A
9/16/15,1,20,10,1.9,rain,9/16/90,#N/A,20,#N/A,#N/A,#N/A
9/17/15,1.8,18.3,12.8,3.8,rain,9/17/90,#N/A,18.3,#N/A,#N/A,#N/A
9/18/15,0,19.4,12.8,2.6,sun,9/18/90,#N/A,#N/A,19.4,#N/A,#N/A
9/19/15,0,21.1,14.4,4.3,sun,9/19/90,#N/A,#N/A,21.1,#N/A,#N/A
9/20/15,4.1,22.8,12.2,6.8,rain,9/20/90,#N/A,22.8,#N/A,#N/A,#N/A
9/21/15,0,18.3,9.4,2.7,fog,9/21/90,#N/A,#N/A,#N/A,#N/A,18.3
9/22/15,0,18.9,7.8,2,sun,9/22/90,#N/A,#N/A,18.9,#N/A,#N/A
9/23/15,0,20.6,8.3,1.8,sun,9/23/90,#N/A,#N/A,20.6,#N/A,#N/A
9/24/15,0,22.2,11.1,2.5,fog,9/24/90,#N/A,#N/A,#N/A,#N/A,22.2
9/25/15,2,15.6,12.8,2.6,rain,9/25/90,#N/A,15.6,#N/A,#N/A,#N/A
9/26/15,0,18.3,10,2.7,sun,9/26/90,#N/A,#N/A,18.3,#N/A,#N/A
9/27/15,0,17.8,7.2,3.8,sun,9/27/90,#N/A,#N/A,17.8,#N/A,#N/A
9/28/15,0,21.1,9.4,5.1,sun,9/28/90,#N/A,#N/A,21.1,#N/A,#N/A
9/29/15,0,21.7,8.9,1.9,sun,9/29/90,#N/A,#N/A,21.7,#N/A,#N/A
9/30/15,0,18.3,10,1.3,fog,9/30/90,#N/A,#N/A,#N/A,#N/A,18.3
10/1/15,0,21.1,9.4,1.3,fog,10/1/90,#N/A,#N/A,#N/A,#N/A,21.1
10/2/15,0,15.6,10,2.9,fog,10/2/90,#N/A,#N/A,#N/A,#N/A,15.6
10/3/15,0,19.4,11.1,4.8,sun,10/3/90,#N/A,#N/A,19.4,#N/A,#N/A
10/4/15,0,22.8,10,3.7,sun,10/4/90,#N/A,#N/A,22.8,#N/A,#N/A
10/5/15,0,23.3,9.4,1.6,sun,10/5/90,#N/A,#N/A,23.3,#N/A,#N/A
10/6/15,0,18.3,10,2.6,drizzle,10/6/90,18.3,#N/A,#N/A,#N/A,#N/A
10/7/15,9.9,16.1,13.9,2.2,rain,10/7/90,#N/A,16.1,#N/A,#N/A,#N/A
10/8/15,0,18.9,13.3,1.1,fog,10/8/90,#N/A,#N/A,#N/A,#N/A,18.9
10/9/15,0.3,19.4,12.2,2.6,rain,10/9/90,#N/A,19.4,#N/A,#N/A,#N/A
10/10/15,28.7,21.1,13.3,4.7,rain,10/10/90,#N/A,21.1,#N/A,#N/A,#N/A
10/11/15,0,17.8,10.6,2.6,sun,10/11/90,#N/A,#N/A,17.8,#N/A,#N/A
10/12/15,4.6,18.3,10.6,2.8,rain,10/12/90,#N/A,18.3,#N/A,#N/A,#N/A
10/13/15,1.3,16.7,9.4,3.2,rain,10/13/90,#N/A,16.7,#N/A,#N/A,#N/A
10/14/15,0,15,10,5,fog,10/14/90,#N/A,#N/A,#N/A,#N/A,15
10/15/15,0,21.1,9.4,3.4,fog,10/15/90,#N/A,#N/A,#N/A,#N/A,21.1
10/16/15,0,20,8.9,1.3,sun,10/16/90,#N/A,#N/A,20,#N/A,#N/A
10/17/15,0.3,19.4,11.7,1.3,rain,10/17/90,#N/A,19.4,#N/A,#N/A,#N/A
10/18/15,3.8,15,12.8,2,rain,10/18/90,#N/A,15,#N/A,#N/A,#N/A
10/19/15,0.3,17.2,12.2,2.6,rain,10/19/90,#N/A,17.2,#N/A,#N/A,#N/A
10/20/15,0,17.8,10.6,1.8,fog,10/20/90,#N/A,#N/A,#N/A,#N/A,17.8
10/21/15,0,16.1,8.3,1.3,fog,10/21/90,#N/A,#N/A,#N/A,#N/A,16.1
10/22/15,0,16.1,8.9,2.7,fog,10/22/90,#N/A,#N/A,#N/A,#N/A,16.1
10/23/15,0,12.8,7.2,2.6,fog,10/23/90,#N/A,#N/A,#N/A,#N/A,12.8
10/24/15,0,15,8.9,2.9,fog,10/24/90,#N/A,#N/A,#N/A,#N/A,15
10/25/15,8.9,19.4,8.9,3.4,rain,10/25/90,#N/A,19.4,#N/A,#N/A,#N/A
10/26/15,6.9,12.2,10,4.6,rain,10/26/90,#N/A,12.2,#N/A,#N/A,#N/A
10/27/15,0,16.1,7.8,1.7,fog,10/27/90,#N/A,#N/A,#N/A,#N/A,16.1
10/28/15,3.3,13.9,11.1,2.8,rain,10/28/90,#N/A,13.9,#N/A,#N/A,#N/A
10/29/15,1.8,15,12.2,4.7,rain,10/29/90,#N/A,15,#N/A,#N/A,#N/A
10/30/15,19.3,17.2,11.7,6.7,rain,10/30/90,#N/A,17.2,#N/A,#N/A,#N/A
10/31/15,33,15.6,11.7,7.2,rain,10/31/90,#N/A,15.6,#N/A,#N/A,#N/A
11/1/15,26.2,12.2,8.9,6,rain,11/1/90,#N/A,12.2,#N/A,#N/A,#N/A
11/2/15,0.3,11.1,7.2,2.8,rain,11/2/90,#N/A,11.1,#N/A,#N/A,#N/A
11/3/15,0.8,10.6,5,1.4,rain,11/3/90,#N/A,10.6,#N/A,#N/A,#N/A
11/4/15,0,10,3.3,2.2,sun,11/4/90,#N/A,#N/A,10,#N/A,#N/A
11/5/15,1.3,11.7,7.8,2.3,rain,11/5/90,#N/A,11.7,#N/A,#N/A,#N/A
11/6/15,0,15.6,8.3,2.7,fog,11/6/90,#N/A,#N/A,#N/A,#N/A,15.6
11/7/15,12.7,12.2,9.4,3,rain,11/7/90,#N/A,12.2,#N/A,#N/A,#N/A
11/8/15,6.6,11.1,7.8,1.8,rain,11/8/90,#N/A,11.1,#N/A,#N/A,#N/A
11/9/15,3.3,10,5,1.3,rain,11/9/90,#N/A,10,#N/A,#N/A,#N/A
11/10/15,1.3,11.1,3.9,3.9,rain,11/10/90,#N/A,11.1,#N/A,#N/A,#N/A
11/11/15,1.5,11.1,6.1,4.6,rain,11/11/90,#N/A,11.1,#N/A,#N/A,#N/A
11/12/15,9.9,11.1,5,5.1,rain,11/12/90,#N/A,11.1,#N/A,#N/A,#N/A
11/13/15,33.5,13.3,9.4,6.5,rain,11/13/90,#N/A,13.3,#N/A,#N/A,#N/A
11/14/15,47.2,9.4,6.1,4.5,rain,11/14/90,#N/A,9.4,#N/A,#N/A,#N/A
11/15/15,22.4,8.9,2.2,4.1,rain,11/15/90,#N/A,8.9,#N/A,#N/A,#N/A
11/16/15,2,8.9,1.7,4,rain,11/16/90,#N/A,8.9,#N/A,#N/A,#N/A
11/17/15,29.5,13.3,6.7,8,rain,11/17/90,#N/A,13.3,#N/A,#N/A,#N/A
11/18/15,1.5,8.9,3.3,3.8,rain,11/18/90,#N/A,8.9,#N/A,#N/A,#N/A
11/19/15,2,8.9,2.8,4.2,rain,11/19/90,#N/A,8.9,#N/A,#N/A,#N/A
11/20/15,0,8.3,0.6,4,fog,11/20/90,#N/A,#N/A,#N/A,#N/A,8.3
11/21/15,0,8.9,0.6,4.7,sun,11/21/90,#N/A,#N/A,8.9,#N/A,#N/A
11/22/15,0,10,1.7,3.1,fog,11/22/90,#N/A,#N/A,#N/A,#N/A,10
11/23/15,3,6.7,0,1.3,rain,11/23/90,#N/A,6.7,#N/A,#N/A,#N/A
11/24/15,7.1,6.7,2.8,4.5,rain,11/24/90,#N/A,6.7,#N/A,#N/A,#N/A
11/25/15,0,7.2,0,5.7,sun,11/25/90,#N/A,#N/A,7.2,#N/A,#N/A
11/26/15,0,9.4,-1,4.3,sun,11/26/90,#N/A,#N/A,9.4,#N/A,#N/A
11/27/15,0,9.4,-1.6,3,sun,11/27/90,#N/A,#N/A,9.4,#N/A,#N/A
11/28/15,0,7.2,-2.7,1,sun,11/28/90,#N/A,#N/A,7.2,#N/A,#N/A
11/29/15,0,1.7,-2.1,0.9,fog,11/29/90,#N/A,#N/A,#N/A,#N/A,1.7
11/30/15,0.5,5.6,-3.8,1.7,rain,11/30/90,#N/A,5.6,#N/A,#N/A,#N/A
12/1/15,12.2,10,3.9,3.5,rain,12/1/90,#N/A,10,#N/A,#N/A,#N/A
12/2/15,2.5,10.6,4.4,5,rain,12/2/90,#N/A,10.6,#N/A,#N/A,#N/A
12/3/15,12.7,15.6,7.8,5.9,rain,12/3/90,#N/A,15.6,#N/A,#N/A,#N/A
12/4/15,2,10.6,6.1,4.7,rain,12/4/90,#N/A,10.6,#N/A,#N/A,#N/A
12/5/15,15.7,10,6.1,4,rain,12/5/90,#N/A,10,#N/A,#N/A,#N/A
12/6/15,11.2,12.8,7.2,5.9,rain,12/6/90,#N/A,12.8,#N/A,#N/A,#N/A
12/7/15,27.4,11.1,8.3,3.4,rain,12/7/90,#N/A,11.1,#N/A,#N/A,#N/A
12/8/15,54.1,15.6,10,6.2,rain,12/8/90,#N/A,15.6,#N/A,#N/A,#N/A
12/9/15,13.5,12.2,7.8,6.3,rain,12/9/90,#N/A,12.2,#N/A,#N/A,#N/A
12/10/15,9.4,11.7,6.1,7.5,rain,12/10/90,#N/A,11.7,#N/A,#N/A,#N/A
12/11/15,0.3,9.4,4.4,2.8,rain,12/11/90,#N/A,9.4,#N/A,#N/A,#N/A
12/12/15,16,8.9,5.6,5.6,rain,12/12/90,#N/A,8.9,#N/A,#N/A,#N/A
12/13/15,1.3,7.8,6.1,6.1,rain,12/13/90,#N/A,7.8,#N/A,#N/A,#N/A
12/14/15,0,7.8,1.7,1.7,sun,12/14/90,#N/A,#N/A,7.8,#N/A,#N/A
12/15/15,1.5,6.7,1.1,2.9,rain,12/15/90,#N/A,6.7,#N/A,#N/A,#N/A
12/16/15,3.6,6.1,2.8,2.3,rain,12/16/90,#N/A,6.1,#N/A,#N/A,#N/A
12/17/15,21.8,6.7,3.9,6,rain,12/17/90,#N/A,6.7,#N/A,#N/A,#N/A
12/18/15,18.5,8.9,4.4,5.1,rain,12/18/90,#N/A,8.9,#N/A,#N/A,#N/A
12/19/15,0,8.3,2.8,4.1,fog,12/19/90,#N/A,#N/A,#N/A,#N/A,8.3
12/20/15,4.3,7.8,4.4,6.7,rain,12/20/90,#N/A,7.8,#N/A,#N/A,#N/A
12/21/15,27.4,5.6,2.8,4.3,rain,12/21/90,#N/A,5.6,#N/A,#N/A,#N/A
12/22/15,4.6,7.8,2.8,5,rain,12/22/90,#N/A,7.8,#N/A,#N/A,#N/A
12/23/15,6.1,5,2.8,7.6,rain,12/23/90,#N/A,5,#N/A,#N/A,#N/A
12/24/15,2.5,5.6,2.2,4.3,rain,12/24/90,#N/A,5.6,#N/A,#N/A,#N/A
12/25/15,5.8,5,2.2,1.5,rain,12/25/90,#N/A,5,#N/A,#N/A,#N/A
12/26/15,0,4.4,0,2.5,sun,12/26/90,#N/A,#N/A,4.4,#N/A,#N/A
12/27/15,8.6,4.4,1.7,2.9,rain,12/27/90,#N/A,4.4,#N/A,#N/A,#N/A
12/28/15,1.5,5,1.7,1.3,rain,12/28/90,#N/A,5,#N/A,#N/A,#N/A
12/29/15,0,7.2,0.6,2.6,fog,12/29/90,#N/A,#N/A,#N/A,#N/A,7.2
12/30/15,0,5.6,-1,3.4,sun,12/30/90,#N/A,#N/A,5.6,#N/A,#N/A
12/31/15,0,5.6,-2.1,3.5,sun,12/31/90,#N/A,#N/A,5.6,#N/A,#N/A